[
    {
        "codigo": "2",
        "tipo": "2",
        "coddpto": "7",
        "dpto": "SANTA CRUZ                                                  ",
        "zona": "CENTRO                                                      ",
        "nombre": "Ingavi (BEC CAFE)                                                                                                                                                                                                                                         ",
        "tipodir": "Calle     ",
        "direccion": "Calle Ingavi, # 143 entre Calle Independencia y Calle Velasco",
        "longitud": "-63.1830611",
        "latitud": "-17.7848972",
        "telefonos": "3155500   ",
        "horarios": "Lunes - Viernes 08:00 - 20:00 / Sábado 08:00 - 15:00",
        "depositoefectivo": "0",
        "personasdiscapacidad": "0",
        "bancapersona": "2",
        "misocio": "2",
        "moneda": "0",
        "codagencia": "18",
        "codsucursal": "10"
    },
    {
        "codigo": "4",
        "tipo": "2",
        "coddpto": "7",
        "dpto": "SANTA CRUZ                                                  ",
        "zona": "CENTRO                                                      ",
        "nombre": "Siete Calles + Mi Socio UN                                                                                                                                                                                                                                ",
        "tipodir": "Calle     ",
        "direccion": "Calle Camiri, casi Calle Suarez de Figueroa, Plazuela Colón",
        "longitud": "-63.1849750",
        "latitud": "-17.7862917",
        "telefonos": "3155770   ",
        "horarios": "Lunes - Viernes 09:00 - 16:00 / Sábado 09:00 - 13:00",
        "depositoefectivo": "0",
        "personasdiscapacidad": "0",
        "bancapersona": "2",
        "misocio": "1",
        "moneda": "0",
        "codagencia": "11",
        "codsucursal": "10"
    },
    {
        "codigo": "8",
        "tipo": "2",
        "coddpto": "7",
        "dpto": "SANTA CRUZ                                                  ",
        "zona": "ESTE                                                        ",
        "nombre": "Mutualista + Mi Socio UN                                                                                                                                                                                                                                  ",
        "tipodir": "Av.       ",
        "direccion": "Av. Tercer Anillo Interno esquina  Calle Buena Vista. Zona Mercado Mutualista #1",
        "longitud": "-63.1628780",
        "latitud": "-17.7631440",
        "telefonos": "3155801   ",
        "horarios": "Lunes - Viernes 09:00 - 16:00 / Sábado 09:00 - 13:00",
        "depositoefectivo": "0",
        "personasdiscapacidad": "0",
        "bancapersona": "1",
        "misocio": "1",
        "moneda": "0",
        "codagencia": "14",
        "codsucursal": "10"
    },
    {
        "codigo": "9",
        "tipo": "2",
        "coddpto": "7",
        "dpto": "SANTA CRUZ                                                  ",
        "zona": "ESTE                                                        ",
        "nombre": "Villa Primero de Mayo + Mi Socio UN                                                                                                                                                                                                                       ",
        "tipodir": "Av.       ",
        "direccion": "Av. Principal Villa Primero de Mayo Calle 5 Oeste, en la Plaza Principal de la Villa Primero de Mayo",
        "longitud": "-63.1348056",
        "latitud": "-17.7950000",
        "telefonos": "3155880   ",
        "horarios": "Lunes - Viernes 09:00 - 16:00 / Sábado 09:00 - 13:00",
        "depositoefectivo": "0",
        "personasdiscapacidad": "0",
        "bancapersona": "2",
        "misocio": "1",
        "moneda": "0",
        "codagencia": "55",
        "codsucursal": "10"
    },
    {
        "codigo": "10",
        "tipo": "2",
        "coddpto": "7",
        "dpto": "SANTA CRUZ                                                  ",
        "zona": "ESTE                                                        ",
        "nombre": "Plan Tres Mil + Mi Socio UN                                                                                                                                                                                                                               ",
        "tipodir": "Av.       ",
        "direccion": "Av. Principal esquina Calle 1, Barrio Toro Toro, Plan Tres Mil",
        "longitud": "-63.1371917",
        "latitud": "-17.8281156",
        "telefonos": "3155931   ",
        "horarios": "Lunes - Viernes 09:00 - 16:00 / Sábado 09:00 - 13:00",
        "depositoefectivo": "0",
        "personasdiscapacidad": "0",
        "bancapersona": "2",
        "misocio": "1",
        "moneda": "0",
        "codagencia": "62",
        "codsucursal": "10"
    },
    {
        "codigo": "12",
        "tipo": "2",
        "coddpto": "7",
        "dpto": "SANTA CRUZ                                                  ",
        "zona": "ESTE                                                        ",
        "nombre": "Pampa de la Isla + Mi Socio UN                                                                                                                                                                                                                            ",
        "tipodir": "Av.       ",
        "direccion": "Av. Virgen de Cotoca, Sexto Anillo, Zona Pampa de la Isla",
        "longitud": "-63.1223278",
        "latitud": "-17.7702806",
        "telefonos": "3155950   ",
        "horarios": "Lunes - Viernes 09:00 - 16:00 / Sábado 09:00 - 13:00",
        "depositoefectivo": "0",
        "personasdiscapacidad": "0",
        "bancapersona": "2",
        "misocio": "1",
        "moneda": "0",
        "codagencia": "69",
        "codsucursal": "10"
    },
    {
        "codigo": "13",
        "tipo": "2",
        "coddpto": "7",
        "dpto": "SANTA CRUZ                                                  ",
        "zona": "NORTE                                                       ",
        "nombre": "Hipermaxi Norte                                                                                                                                                                                                                                           ",
        "tipodir": "Av.       ",
        "direccion": "Av. Banzer y Tercer Anillo Interno, Supermercado Hipermaxi",
        "longitud": "-63.1782639",
        "latitud": "-17.7596917",
        "telefonos": "3155786   ",
        "horarios": "Lunes - Viernes 09:00 - 16:00 / Sábado 09:00 - 13:00",
        "depositoefectivo": "0",
        "personasdiscapacidad": "0",
        "bancapersona": "1",
        "misocio": "2",
        "moneda": "0",
        "codagencia": "13",
        "codsucursal": "10"
    },
    {
        "codigo": "14",
        "tipo": "2",
        "coddpto": "7",
        "dpto": "SANTA CRUZ                                                  ",
        "zona": "NORTE                                                       ",
        "nombre": "Hipermaxi Super Center                                                                                                                                                                                                                                    ",
        "tipodir": "Av.       ",
        "direccion": "Av. Banzer, pasando el Sexto, Supermercado Hipermaxi",
        "longitud": "-63.1663222",
        "latitud": "-17.7283417",
        "telefonos": "3155991   ",
        "horarios": "Lunes - Viernes 09:00 - 16:00 / Sábado 09:00 - 13:00",
        "depositoefectivo": "0",
        "personasdiscapacidad": "0",
        "bancapersona": "2",
        "misocio": "2",
        "moneda": "0",
        "codagencia": "71",
        "codsucursal": "10"
    },
    {
        "codigo": "15",
        "tipo": "2",
        "coddpto": "7",
        "dpto": "SANTA CRUZ                                                  ",
        "zona": "OESTE                                                       ",
        "nombre": "Alto San Pedro + Mi Socio UN                                                                                                                                                                                                                              ",
        "tipodir": [],
        "direccion": " Tercer Anillo Interno ( Av. Roque Aguilera ) y Av. Prefecto Rivas. Barrio el Pari",
        "longitud": "-63.1904420",
        "latitud": "-17.8106500",
        "telefonos": "3155811   ",
        "horarios": "Lunes - Viernes 09:00 - 16:00 / Sábado 09:00 - 13:00",
        "depositoefectivo": "0",
        "personasdiscapacidad": "0",
        "bancapersona": "2",
        "misocio": "1",
        "moneda": "0",
        "codagencia": "15",
        "codsucursal": "10"
    },
    {
        "codigo": "16",
        "tipo": "2",
        "coddpto": "7",
        "dpto": "SANTA CRUZ                                                  ",
        "zona": "OESTE                                                       ",
        "nombre": "La Ramada + Mi Socio UN                                                                                                                                                                                                                                   ",
        "tipodir": "Av.       ",
        "direccion": "Av. Isabel La Católica #665",
        "longitud": "-63.1925389",
        "latitud": "-17.7949083",
        "telefonos": "3155782   ",
        "horarios": "Lunes - Viernes 09:00 - 16:00 / Sábado 09:00 - 13:00",
        "depositoefectivo": "0",
        "personasdiscapacidad": "0",
        "bancapersona": "2",
        "misocio": "1",
        "moneda": "0",
        "codagencia": "12",
        "codsucursal": "10"
    },
    {
        "codigo": "17",
        "tipo": "2",
        "coddpto": "7",
        "dpto": "SANTA CRUZ                                                  ",
        "zona": "OESTE                                                       ",
        "nombre": "Hipermaxi Doble Vía a La Guardia                                                                                                                                                                                                                         ",
        "tipodir": "Av.       ",
        "direccion": "Av. Doble Vía a La Guardia y Cuarto Anillo, Supermercado Hipermaxi",
        "longitud": "-63.2083889",
        "latitud": "-17.8106583",
        "telefonos": "3155857   ",
        "horarios": "Lunes - Viernes 09:00 - 16:00 / Sábado 09:00 - 13:00",
        "depositoefectivo": "0",
        "personasdiscapacidad": "0",
        "bancapersona": "2",
        "misocio": "2",
        "moneda": "0",
        "codagencia": "53",
        "codsucursal": "10"
    },
    {
        "codigo": "18",
        "tipo": "2",
        "coddpto": "7",
        "dpto": "SANTA CRUZ                                                  ",
        "zona": "OESTE                                                       ",
        "nombre": "Grigotá + Mi Socio UN                                                                                                                                                                                                                                    ",
        "tipodir": "Av.       ",
        "direccion": "Av. Grigotá esquina Calle Menbiray, entre Segundo y Tercer Anillo , frente Surtidor El Pari",
        "longitud": "-63.1950972",
        "latitud": "-17.8005583",
        "telefonos": "3155823   ",
        "horarios": "Lunes - Viernes 09:00 - 16:00 / Sábado 09:00 - 13:00",
        "depositoefectivo": "0",
        "personasdiscapacidad": "0",
        "bancapersona": "2",
        "misocio": "1",
        "moneda": "0",
        "codagencia": "51",
        "codsucursal": "10"
    },
    {
        "codigo": "20",
        "tipo": "2",
        "coddpto": "7",
        "dpto": "SANTA CRUZ                                                  ",
        "zona": "SUR                                                         ",
        "nombre": "Hipermaxi Sur                                                                                                                                                                                                                                             ",
        "tipodir": "Av.       ",
        "direccion": "Av. Santos Dumont y Tercer Anillo, Supermercado Hipermaxi",
        "longitud": "-63.1842167",
        "latitud": "-17.8135611",
        "telefonos": "3155858   ",
        "horarios": "Lunes - Viernes 09:00 - 16:00 / Sábado 09:00 - 13:00",
        "depositoefectivo": "0",
        "personasdiscapacidad": "0",
        "bancapersona": "2",
        "misocio": "2",
        "moneda": "0",
        "codagencia": "56",
        "codsucursal": "10"
    },
    {
        "codigo": "21",
        "tipo": "2",
        "coddpto": "7",
        "dpto": "SANTA CRUZ                                                  ",
        "zona": "ZONA MONTERO                                                ",
        "nombre": "Montero + Mi Socio UN                                                                                                                                                                                                                                     ",
        "tipodir": "Av.       ",
        "direccion": "Av. Circunvalación Este casi esquina Av. Pampa de la Madre S/N, Barrio San Jose",
        "longitud": "-63.2478330",
        "latitud": "-17.3434440",
        "telefonos": "9226677   ",
        "horarios": "Lunes - Viernes 09:00 - 16:00 / Sábado 09:00 - 13:00",
        "depositoefectivo": "0",
        "personasdiscapacidad": "0",
        "bancapersona": "2",
        "misocio": "1",
        "moneda": "0",
        "codagencia": "40",
        "codsucursal": "10"
    },
    {
        "codigo": "22",
        "tipo": "2",
        "coddpto": "2",
        "dpto": "LA PAZ                                                      ",
        "zona": "CENTRO                                                      ",
        "nombre": "Camacho                                                                                                                                                                                                                                                   ",
        "tipodir": "Av.       ",
        "direccion": "Av. Camacho #1245",
        "longitud": "-68.1344083",
        "latitud": "-16.4987361",
        "telefonos": "2155239   ",
        "horarios": "Lunes - Viernes 09:00 - 16:00 / Sábado 09:00 - 13:00",
        "depositoefectivo": "0",
        "personasdiscapacidad": "0",
        "bancapersona": "1",
        "misocio": "1",
        "moneda": "0",
        "codagencia": "22",
        "codsucursal": "20"
    },
    {
        "codigo": "24",
        "tipo": "2",
        "coddpto": "2",
        "dpto": "LA PAZ                                                      ",
        "zona": "OESTE                                                       ",
        "nombre": "Tumusla + Mi Socio UN                                                                                                                                                                                                                                     ",
        "tipodir": "Av.       ",
        "direccion": "Av. Avenida Baptista , zona 14 de Septiembre #1070",
        "longitud": "-68.1451139",
        "latitud": "-16.4953750",
        "telefonos": "2155311   ",
        "horarios": "Lunes - Viernes 09:00 - 16:00 / Sábado 09:00 - 13:00",
        "depositoefectivo": "0",
        "personasdiscapacidad": "0",
        "bancapersona": "2",
        "misocio": "1",
        "moneda": "0",
        "codagencia": "21",
        "codsucursal": "20"
    },
    {
        "codigo": "26",
        "tipo": "2",
        "coddpto": "2",
        "dpto": "LA PAZ                                                      ",
        "zona": "Ceja                                                        ",
        "nombre": "La Ceja + Mi Socio UN                                                                                                                                                                                                                                     ",
        "tipodir": "Calle     ",
        "direccion": "Calle Jorge Carrasco # 2112, esquina 3, La Ceja, Zona 12 de Octubre.",
        "longitud": "-68.1630972",
        "latitud": "-16.5075583",
        "telefonos": "2155344   ",
        "horarios": "Lunes - Viernes 09:00 - 16:00 / Sábado 09:00 - 13:00",
        "depositoefectivo": "0",
        "personasdiscapacidad": "0",
        "bancapersona": "2",
        "misocio": "1",
        "moneda": "0",
        "codagencia": "23",
        "codsucursal": "20"
    },
    {
        "codigo": "27",
        "tipo": "2",
        "coddpto": "2",
        "dpto": "LA PAZ                                                      ",
        "zona": "ZONA CIUDAD DEL ALTO                                        ",
        "nombre": "16 de Julio + Mi Socio UN                                                                                                                                                                                                                                 ",
        "tipodir": "Av.       ",
        "direccion": "Av. Alfonso Ugarte # 250, a 3 cuadras de la Av. Juan Pablo II, Zona 16 de Julio.",
        "longitud": "-68.1739639",
        "latitud": "-16.4967222",
        "telefonos": "2155283   ",
        "horarios": "Lunes - Viernes 09:00 - 16:00 / Sábado 09:00 - 13:00",
        "depositoefectivo": "0",
        "personasdiscapacidad": "0",
        "bancapersona": "2",
        "misocio": "1",
        "moneda": "0",
        "codagencia": "54",
        "codsucursal": "20"
    },
    {
        "codigo": "28",
        "tipo": "2",
        "coddpto": "2",
        "dpto": "LA PAZ                                                      ",
        "zona": "Villa Adela                                                 ",
        "nombre": "Villa Adela + Mi Socio UN                                                                                                                                                                                                                                 ",
        "tipodir": "Av.       ",
        "direccion": "Av. Ladislao Cabrera # 8, Cruce Villa Adela",
        "longitud": "-68.1900083",
        "latitud": "-16.5344028",
        "telefonos": "2155381   ",
        "horarios": "Lunes - Viernes 09:00 - 16:00 / Sábado 09:00 - 13:00",
        "depositoefectivo": "0",
        "personasdiscapacidad": "0",
        "bancapersona": "2",
        "misocio": "1",
        "moneda": "0",
        "codagencia": "26",
        "codsucursal": "20"
    },
    {
        "codigo": "29",
        "tipo": "2",
        "coddpto": "3",
        "dpto": "COCHABAMBA                                                  ",
        "zona": "CENTRO                                                      ",
        "nombre": "Oficina Central                                                                                                                                                                                                                                           ",
        "tipodir": "Calle     ",
        "direccion": "Calle Nataniel Aguirre S-0459",
        "longitud": "-66.1570278",
        "latitud": "-17.3961833",
        "telefonos": "4155500   ",
        "horarios": "Lunes - Viernes 09:00 - 16:00 / Sábado 09:00 - 13:00",
        "depositoefectivo": "0",
        "personasdiscapacidad": "0",
        "bancapersona": "1",
        "misocio": "2",
        "moneda": "0",
        "codagencia": "30",
        "codsucursal": "30"
    },
    {
        "codigo": "30",
        "tipo": "2",
        "coddpto": "3",
        "dpto": "COCHABAMBA                                                  ",
        "zona": "OESTE                                                       ",
        "nombre": "Hipermaxi Juan de la Rosa                                                                                                                                                                                                                                 ",
        "tipodir": "Av.       ",
        "direccion": "Av. Juan de la Rosa esquina Calle Gabriel René Moreno. Supermercado Hipermaxi",
        "longitud": "-66.1729444",
        "latitud": "-17.3761917",
        "telefonos": "4155670   ",
        "horarios": "Lunes - Viernes 09:00 - 16:00 / Sábado 09:00 - 13:00",
        "depositoefectivo": "0",
        "personasdiscapacidad": "0",
        "bancapersona": "1",
        "misocio": "2",
        "moneda": "0",
        "codagencia": "78",
        "codsucursal": "30"
    },
    {
        "codigo": "31",
        "tipo": "2",
        "coddpto": "3",
        "dpto": "COCHABAMBA                                                  ",
        "zona": "SUR                                                         ",
        "nombre": "La Cancha + Mi Socio UN                                                                                                                                                                                                                                   ",
        "tipodir": "Calle     ",
        "direccion": "Calle Honduras # 561 entre  Av. San Martín, y Calle Lanza, La Cancha",
        "longitud": "-66.1527220",
        "latitud": "-17.4013890",
        "telefonos": "4155571   ",
        "horarios": "Lunes - Viernes 09:00 - 16:00 / Sábado 09:00 - 13:00",
        "depositoefectivo": "0",
        "personasdiscapacidad": "0",
        "bancapersona": "2",
        "misocio": "1",
        "moneda": "0",
        "codagencia": "31",
        "codsucursal": "30"
    },
    {
        "codigo": "32",
        "tipo": "2",
        "coddpto": "3",
        "dpto": "COCHABAMBA                                                  ",
        "zona": "NORTE                                                       ",
        "nombre": "Norte + Mi Socio UN                                                                                                                                                                                                                                       ",
        "tipodir": "Av.       ",
        "direccion": "Av. América Este # 22, entre Calle Tarija y Avenida  Gualberto Villarroel, Cala Cala",
        "longitud": "-66.1601944",
        "latitud": "-17.3725833",
        "telefonos": "4489333   ",
        "horarios": "Lunes - Viernes 09:00 - 16:00 / Sábado 09:00 - 13:00",
        "depositoefectivo": "0",
        "personasdiscapacidad": "0",
        "bancapersona": "1",
        "misocio": "2",
        "moneda": "0",
        "codagencia": "67",
        "codsucursal": "30"
    },
    {
        "codigo": "34",
        "tipo": "2",
        "coddpto": "3",
        "dpto": "COCHABAMBA                                                  ",
        "zona": "QUILLACOLLO                                                 ",
        "nombre": "Quillacollo + Mi Socio UN                                                                                                                                                                                                                                 ",
        "tipodir": "Calle     ",
        "direccion": "Calle Pacheco esquina Avenida General Pando",
        "longitud": "-66.2788330",
        "latitud": "-17.3948890",
        "telefonos": "4155591   ",
        "horarios": "Lunes - Viernes 09:00 - 16:00 / Sábado 09:00 - 13:00",
        "depositoefectivo": "0",
        "personasdiscapacidad": "0",
        "bancapersona": "2",
        "misocio": "1",
        "moneda": "0",
        "codagencia": "32",
        "codsucursal": "30"
    },
    {
        "codigo": "35",
        "tipo": "2",
        "coddpto": "3",
        "dpto": "COCHABAMBA                                                  ",
        "zona": "ZONA SACABA                                                 ",
        "nombre": "Sacaba + Mi Socio UN                                                                                                                                                                                                                                      ",
        "tipodir": "Calle     ",
        "direccion": "Calle Tapia # 427, a media cuadra Plaza Principal",
        "longitud": "-66.0406917",
        "latitud": "-17.4043889",
        "telefonos": "4155640   ",
        "horarios": "Lunes - Viernes 09:00 - 16:00 / Sábado 09:00 - 13:00",
        "depositoefectivo": "0",
        "personasdiscapacidad": "0",
        "bancapersona": "2",
        "misocio": "1",
        "moneda": "0",
        "codagencia": "70",
        "codsucursal": "30"
    },
    {
        "codigo": "36",
        "tipo": "2",
        "coddpto": "6",
        "dpto": "TARIJA                                                      ",
        "zona": "CENTRO                                                      ",
        "nombre": "Sucursal Tarija                                                                                                                                                                                                                                           ",
        "tipodir": "Calle     ",
        "direccion": "Calle Bolívar # 488 esquina Calle Campero",
        "longitud": "-64.7347770",
        "latitud": "-21.5315916",
        "telefonos": "6111100   ",
        "horarios": "Lunes - Viernes 09:00 - 16:00 / Sábado 09:00 - 13:00",
        "depositoefectivo": "0",
        "personasdiscapacidad": "0",
        "bancapersona": "1",
        "misocio": "1",
        "moneda": "0",
        "codagencia": "60",
        "codsucursal": "60"
    },
    {
        "codigo": "101",
        "tipo": "2",
        "coddpto": "7",
        "dpto": "SANTA CRUZ                                                  ",
        "zona": "OESTE                                                       ",
        "nombre": "Abasto + Mi Socio UN                                                                                                                                                                                                                                      ",
        "tipodir": "Av.       ",
        "direccion": "Av. Tercer Anillo Interno ( Av. Roque Aguilera ) y Av. Pirai. Zona Mercado Abasto",
        "longitud": "-63.2038220",
        "latitud": "-17.7945920",
        "telefonos": "3155322   ",
        "horarios": "Lunes - Viernes 09:00 - 16:00 / Sábado 09:00 - 13:00",
        "depositoefectivo": "0",
        "personasdiscapacidad": "0",
        "bancapersona": "2",
        "misocio": "1",
        "moneda": "0",
        "codagencia": "74",
        "codsucursal": "10"
    },
    {
        "codigo": "109",
        "tipo": "2",
        "coddpto": "6",
        "dpto": "TARIJA                                                      ",
        "zona": "ZONA TARIJA                                                 ",
        "nombre": "Yacuiba                                                                                                                                                                                                                                                   ",
        "tipodir": "Av.       ",
        "direccion": "Av. principal Santa Cruz, esquina Calle Cochabamba, plaza principal 12 de Agosto",
        "longitud": "-63.6781660",
        "latitud": "-22.0135200",
        "telefonos": "6826530   ",
        "horarios": "Lunes - Viernes 09:00 - 16:00 / Sábado 09:00 - 13:00",
        "depositoefectivo": "0",
        "personasdiscapacidad": "0",
        "bancapersona": "2",
        "misocio": "1",
        "moneda": "0",
        "codagencia": "77",
        "codsucursal": "60"
    },
    {
        "codigo": "110",
        "tipo": "2",
        "coddpto": "7",
        "dpto": "SANTA CRUZ                                                  ",
        "zona": "YAPACANI                                                    ",
        "nombre": "Yapacani + Mi Socio UN                                                                                                                                                                                                                                    ",
        "tipodir": "Av.       ",
        "direccion": "Av. Epifanio Rios entre Avenida Buenos Aires y Calle Ayacucho, Barrio Abaroa",
        "longitud": "-63.8831420",
        "latitud": "-17.4025530",
        "telefonos": "3116999   ",
        "horarios": "Lunes - Viernes 09:00 - 16:00 / Sábado 09:00 - 13:00",
        "depositoefectivo": "0",
        "personasdiscapacidad": "0",
        "bancapersona": "2",
        "misocio": "1",
        "moneda": "0",
        "codagencia": "76",
        "codsucursal": "10"
    },
    {
        "codigo": "116",
        "tipo": "2",
        "coddpto": "2",
        "dpto": "LA PAZ                                                      ",
        "zona": "Rio Seco                                                    ",
        "nombre": "Rio Seco + Mi Socio UN                                                                                                                                                                                                                                    ",
        "tipodir": "Av.       ",
        "direccion": "Av. Juan Pablo ll, Ex tranca Rio Seco, Calle 6, Villa Brasil #3020",
        "longitud": "-68.2063170",
        "latitud": "-16.4904260",
        "telefonos": "2155384   ",
        "horarios": "Lunes - Viernes 09:00 - 16:00 / Sábado 09:00 - 13:00",
        "depositoefectivo": "0",
        "personasdiscapacidad": "0",
        "bancapersona": "2",
        "misocio": "1",
        "moneda": "0",
        "codagencia": "80",
        "codsucursal": "20"
    },
    {
        "codigo": "126",
        "tipo": "2",
        "coddpto": "3",
        "dpto": "COCHABAMBA                                                  ",
        "zona": "OESTE                                                       ",
        "nombre": "Blanco Galindo +  Mi Socio UN                                                                                                                                                                                                                             ",
        "tipodir": "Av.       ",
        "direccion": "Av. Blanco Galindo , entre Calle San Alberto y Calle Fransisco Viedma #1.080",
        "longitud": "-66.1688970",
        "latitud": "-17.3936330",
        "telefonos": "4155681   ",
        "horarios": "Lunes - Viernes 09:00 - 16:00 / Sábado 09:00 - 13:00",
        "depositoefectivo": "0",
        "personasdiscapacidad": "0",
        "bancapersona": "2",
        "misocio": "1",
        "moneda": "0",
        "codagencia": "79",
        "codsucursal": "30"
    },
    {
        "codigo": "134",
        "tipo": "2",
        "coddpto": "7",
        "dpto": "SANTA CRUZ                                                  ",
        "zona": "OESTE                                                       ",
        "nombre": "Hipermaxi Roca y Coronado                                                                                                                                                                                                                                 ",
        "tipodir": "Av.       ",
        "direccion": "Av. Roca y Coronado entre Tercer y Cuarto Anillo",
        "longitud": "-63.2117390",
        "latitud": "-17.7854890",
        "telefonos": "3155390   ",
        "horarios": "Lunes - Viernes 09:00 - 16:00 / Sábado 09:00 - 13:00",
        "depositoefectivo": "0",
        "personasdiscapacidad": "0",
        "bancapersona": "2",
        "misocio": "2",
        "moneda": "0",
        "codagencia": "81",
        "codsucursal": "10"
    },
    {
        "codigo": "182",
        "tipo": "2",
        "coddpto": "2",
        "dpto": "LA PAZ                                                      ",
        "zona": "OESTE                                                       ",
        "nombre": "Villa Fatima                                                                                                                                                                                                                                              ",
        "tipodir": "Av.       ",
        "direccion": "Av. Tejada Sorzano #258",
        "longitud": "-68.1213610",
        "latitud": "-16.4806940",
        "telefonos": "2155214   ",
        "horarios": "Lunes - Viernes 09:00 - 16:00 / Sábado 09:00 - 13:00",
        "depositoefectivo": "0",
        "personasdiscapacidad": "0",
        "bancapersona": "2",
        "misocio": "1",
        "moneda": "0",
        "codagencia": "88",
        "codsucursal": "20"
    },
    {
        "codigo": "183",
        "tipo": "2",
        "coddpto": "2",
        "dpto": "LA PAZ                                                      ",
        "zona": "SUR                                                         ",
        "nombre": "San Miguel                                                                                                                                                                                                                                                ",
        "tipodir": "Av.       ",
        "direccion": "Av. Montenegro , Edificio Torre Montenegro #957",
        "longitud": "-68.0780830",
        "latitud": "-16.5449440",
        "telefonos": "2155215   ",
        "horarios": "Lunes - Viernes 09:00 - 16:00 / Sábado 09:00 - 13:00",
        "depositoefectivo": "0",
        "personasdiscapacidad": "0",
        "bancapersona": "1",
        "misocio": "2",
        "moneda": "0",
        "codagencia": "89",
        "codsucursal": "20"
    },
    {
        "codigo": "196",
        "tipo": "2",
        "coddpto": "7",
        "dpto": "SANTA CRUZ                                                  ",
        "zona": "ESTE                                                        ",
        "nombre": "Paragua                                                                                                                                                                                                                                                   ",
        "tipodir": "Av.       ",
        "direccion": "Av. Paraguá y Cuarto Anillo. Plaza Comercial Paragua",
        "longitud": "-63.1476220",
        "latitud": "-17.7642830",
        "telefonos": "3155996   ",
        "horarios": "Lunes - Viernes 09:00 - 16:00 / Sábado 09:00 - 13:00",
        "depositoefectivo": "0",
        "personasdiscapacidad": "0",
        "bancapersona": "2",
        "misocio": "1",
        "moneda": "0",
        "codagencia": "91",
        "codsucursal": "10"
    },
    {
        "codigo": "207",
        "tipo": "2",
        "coddpto": "7",
        "dpto": "SANTA CRUZ                                                  ",
        "zona": "ZONA COTOCA                                                 ",
        "nombre": "Cuatro Cañadas.                                                                                                                                                                                                                                          ",
        "tipodir": "Av.       ",
        "direccion": "Av. Urbanización Campo Verde. Localidad Colonia Memonita Valle Esperanza,",
        "longitud": "-62.5550000",
        "latitud": "-17.2750000",
        "telefonos": "3155315   ",
        "horarios": "Lunes - Viernes 09:00 - 16:00 / Sábado 09:00 - 13:00",
        "depositoefectivo": "0",
        "personasdiscapacidad": "0",
        "bancapersona": "2",
        "misocio": "1",
        "moneda": "0",
        "codagencia": "93",
        "codsucursal": "10"
    },
    {
        "codigo": "208",
        "tipo": "2",
        "coddpto": "1",
        "dpto": "CHUQUISACA                                                  ",
        "zona": "CENTRO                                                      ",
        "nombre": "Agencia Sucre                                                                                                                                                                                                                                             ",
        "tipodir": "Calle     ",
        "direccion": "Calle Bolivar #466",
        "longitud": "-65.2572500",
        "latitud": "-19.0480000",
        "telefonos": "6450051   ",
        "horarios": "Lunes - Viernes 09:00 - 16:00 / Sábado 09:00 - 13:00",
        "depositoefectivo": "0",
        "personasdiscapacidad": "0",
        "bancapersona": "1",
        "misocio": "1",
        "moneda": "0",
        "codagencia": "50",
        "codsucursal": "50"
    },
    {
        "codigo": "211",
        "tipo": "2",
        "coddpto": "3",
        "dpto": "COCHABAMBA                                                  ",
        "zona": "NORTE                                                       ",
        "nombre": "Hipermaxi Prado                                                                                                                                                                                                                                           ",
        "tipodir": "Av.       ",
        "direccion": "Av. Ballivian, entre Calle Oruro y Calle La Paz predios del supermercado Hipermaxi Prado #753",
        "longitud": "-66.1587778",
        "latitud": "-17.3841944",
        "telefonos": "4155739   ",
        "horarios": "Lunes - Viernes 09:00 - 16:00 / Sábado 09:00 - 13:00",
        "depositoefectivo": "0",
        "personasdiscapacidad": "0",
        "bancapersona": "2",
        "misocio": "2",
        "moneda": "0",
        "codagencia": "94",
        "codsucursal": "30"
    },
    {
        "codigo": "212",
        "tipo": "2",
        "coddpto": "2",
        "dpto": "LA PAZ                                                      ",
        "zona": "SUR                                                         ",
        "nombre": "Oficina Central                                                                                                                                                                                                                                           ",
        "tipodir": "Av.       ",
        "direccion": "Av. 6 de Agosto, esquina Calle Campos, Edificio el Cipres, Zona San Jorge. #296",
        "longitud": "-68.1226111",
        "latitud": "-16.5124722",
        "telefonos": "2155200   ",
        "horarios": "Lunes - Viernes 09:00 - 16:00 / Sábado 09:00 - 13:00",
        "depositoefectivo": "0",
        "personasdiscapacidad": "0",
        "bancapersona": "1",
        "misocio": "2",
        "moneda": "0",
        "codagencia": "20",
        "codsucursal": "20"
    },
    {
        "codigo": "223",
        "tipo": "2",
        "coddpto": "7",
        "dpto": "SANTA CRUZ                                                  ",
        "zona": "OESTE                                                       ",
        "nombre": "Hipermaxi Equipetrol                                                                                                                                                                                                                                      ",
        "tipodir": "Av.       ",
        "direccion": "Av. Avenida San Martin y Cuarto Anillo predios del Hipermaxi Equipetrol",
        "longitud": "-63.2003890",
        "latitud": "-17.7569440",
        "telefonos": "3155998   ",
        "horarios": "Lunes - Viernes 09:00 - 16:00 / Sábado 09:00 - 13:00",
        "depositoefectivo": "0",
        "personasdiscapacidad": "0",
        "bancapersona": "1",
        "misocio": "2",
        "moneda": "0",
        "codagencia": "96",
        "codsucursal": "10"
    },
    {
        "codigo": "236",
        "tipo": "2",
        "coddpto": "3",
        "dpto": "COCHABAMBA                                                  ",
        "zona": "ZONA TOLATA                                                 ",
        "nombre": "Tolata                                                                                                                                                                                                                                                    ",
        "tipodir": "Av.       ",
        "direccion": "Av. Plaza Turística 13 de Septiembre acera Oeste, carretera al Valle",
        "longitud": "-65.9633170",
        "latitud": "-17.5342150",
        "telefonos": "4155750   ",
        "horarios": "Lunes - Viernes 09:00 - 12:00 / Lunes - Viernes 14:00 - 16:00",
        "depositoefectivo": "0",
        "personasdiscapacidad": "0",
        "bancapersona": "2",
        "misocio": "2",
        "moneda": "0",
        "codagencia": "98",
        "codsucursal": "30"
    },
    {
        "codigo": "237",
        "tipo": "2",
        "coddpto": "3",
        "dpto": "COCHABAMBA                                                  ",
        "zona": "ZONA SACABA                                                 ",
        "nombre": "Hipermaxi Villazon                                                                                                                                                                                                                                        ",
        "tipodir": "Av.       ",
        "direccion": "Av. Villazón Km.3, zona El Castillo, predios del Supermercado Hipermaxi Villazón",
        "longitud": "-66.1188930",
        "latitud": "-17.3822950",
        "telefonos": "4155751   ",
        "horarios": "Lunes - Viernes 09:00 - 16:00 / Sábado 09:00 - 13:00",
        "depositoefectivo": "0",
        "personasdiscapacidad": "0",
        "bancapersona": "2",
        "misocio": "2",
        "moneda": "0",
        "codagencia": "33",
        "codsucursal": "30"
    },
    {
        "codigo": "243",
        "tipo": "2",
        "coddpto": "4",
        "dpto": "ORURO                                                       ",
        "zona": "ZONA ORURO                                                  ",
        "nombre": "Agencia Oruro                                                                                                                                                                                                                                             ",
        "tipodir": "Calle     ",
        "direccion": "Calle La Plata esquina Sucre # 681",
        "longitud": "-67.1146170",
        "latitud": "-17.9709940",
        "telefonos": "5280540   ",
        "horarios": "Lunes - Viernes 09:00 - 16:00 / Sábado 09:00 - 13:00",
        "depositoefectivo": "0",
        "personasdiscapacidad": "0",
        "bancapersona": "1",
        "misocio": "1",
        "moneda": "0",
        "codagencia": "45",
        "codsucursal": "45"
    },
    {
        "codigo": "263",
        "tipo": "2",
        "coddpto": "3",
        "dpto": "COCHABAMBA                                                  ",
        "zona": "NORTE                                                       ",
        "nombre": "Recoleta (BEC CAFE)                                                                                                                                                                                                                                       ",
        "tipodir": "Av.       ",
        "direccion": "Av. Pando esquina Pasaje Portales",
        "longitud": "-66.1512500",
        "latitud": "-17.3752220",
        "telefonos": "4155500   ",
        "horarios": "Lunes - Viernes 08:00 - 20:30 / Sábado 08:00 - 20:30",
        "depositoefectivo": "0",
        "personasdiscapacidad": "0",
        "bancapersona": "2",
        "misocio": "2",
        "moneda": "0",
        "codagencia": "35",
        "codsucursal": "30"
    },
    {
        "codigo": "271",
        "tipo": "2",
        "coddpto": "5",
        "dpto": "POTOSI                                                      ",
        "zona": "ZONA POTOSI                                                 ",
        "nombre": "Agencia Potosi                                                                                                                                                                                                                                            ",
        "tipodir": "Calle     ",
        "direccion": "Calle JUNIN N° 5 ENTRE CALLE BOLIVAR Y CALLE MATOS",
        "longitud": "-65.4511600",
        "latitud": "-19.3515700",
        "telefonos": "6226181   ",
        "horarios": "Lunes - Viernes 09:00 - 16:00 / Sábado 09:00 - 13:00",
        "depositoefectivo": "0",
        "personasdiscapacidad": "0",
        "bancapersona": "1",
        "misocio": "1",
        "moneda": "0",
        "codagencia": "97",
        "codsucursal": "97"
    },
    {
        "codigo": "277",
        "tipo": "2",
        "coddpto": "3",
        "dpto": "COCHABAMBA                                                  ",
        "zona": "ZONA TOCO                                                   ",
        "nombre": "Toco                                                                                                                                                                                                                                                      ",
        "tipodir": "Calle     ",
        "direccion": "Calle Linares s/n, entre Francisco Rivero y Enrique Jiménez, Plaza Principal de Toco",
        "longitud": "-65.9274720",
        "latitud": "-17.6271110",
        "telefonos": "4155662   ",
        "horarios": "Lunes - Viernes 09:00 - 12:00 / Lunes - Viernes 14:00 - 16:00",
        "depositoefectivo": "0",
        "personasdiscapacidad": "0",
        "bancapersona": "2",
        "misocio": "2",
        "moneda": "0",
        "codagencia": "34",
        "codsucursal": "30"
    },
    {
        "codigo": "278",
        "tipo": "2",
        "coddpto": "3",
        "dpto": "COCHABAMBA                                                  ",
        "zona": "ZONA SACABAMBA                                              ",
        "nombre": "Sacabamba                                                                                                                                                                                                                                                 ",
        "tipodir": "Calle     ",
        "direccion": "Calle 6 de Agosto , a una cuadra de la Plaza Principal de Sacabamba. #10",
        "longitud": "-65.7776390",
        "latitud": "-17.8175280",
        "telefonos": "4155906   ",
        "horarios": "Lunes - Viernes 09:00 - 12:00 / Lunes - Viernes 14:00 - 16:00",
        "depositoefectivo": "0",
        "personasdiscapacidad": "0",
        "bancapersona": "2",
        "misocio": "2",
        "moneda": "0",
        "codagencia": "41",
        "codsucursal": "30"
    },
    {
        "codigo": "285",
        "tipo": "2",
        "coddpto": "7",
        "dpto": "SANTA CRUZ                                                  ",
        "zona": "SUR                                                         ",
        "nombre": "Abasto Mayorista                                                                                                                                                                                                                                          ",
        "tipodir": "Av.       ",
        "direccion": "Av. Doble Via La Guardia entre 8 vo y 9 no Anillo, en las isntalaciones del Mercado Mayorista Abasto Sur",
        "longitud": "-63.2289720",
        "latitud": "-17.8501670",
        "telefonos": "3155500   ",
        "horarios": "Lunes - Viernes 09:00 - 16:00 / Sábado 09:00 - 13:00",
        "depositoefectivo": "0",
        "personasdiscapacidad": "0",
        "bancapersona": "2",
        "misocio": "2",
        "moneda": "0",
        "codagencia": "42",
        "codsucursal": "10"
    },
    {
        "codigo": "287",
        "tipo": "2",
        "coddpto": "1",
        "dpto": "CHUQUISACA                                                  ",
        "zona": "ZONA SUCRE                                                  ",
        "nombre": "Agencia Mercado Campesino                                                                                                                                                                                                                                 ",
        "tipodir": "Calle     ",
        "direccion": "Calle Guillermo Loayza #502",
        "longitud": "-65.2528390",
        "latitud": "-19.0340390",
        "telefonos": "4694000   ",
        "horarios": "Lunes - Viernes 09:00 - 16:00 / Sábado 09:00 - 13:00",
        "depositoefectivo": "0",
        "personasdiscapacidad": "0",
        "bancapersona": "2",
        "misocio": "2",
        "moneda": "0",
        "codagencia": "43",
        "codsucursal": "50"
    },
    {
        "codigo": "289",
        "tipo": "2",
        "coddpto": "3",
        "dpto": "COCHABAMBA                                                  ",
        "zona": "NORTE                                                       ",
        "nombre": "Agencia Hipermaxi Circunvalación                                                                                                                                                                                                                         ",
        "tipodir": "Av.       ",
        "direccion": "Av. Circunvalación entre pasajes Rafael Canedo y A.Uzeda, predios del Hipermaxi Circunvalación.",
        "longitud": "-66.1659720",
        "latitud": "-17.3639170",
        "telefonos": "4155500   ",
        "horarios": "Lunes - Viernes 09:00 - 16:00 / Sábado 09:00 - 13:00",
        "depositoefectivo": "0",
        "personasdiscapacidad": "0",
        "bancapersona": "2",
        "misocio": "2",
        "moneda": "0",
        "codagencia": "100",
        "codsucursal": "30"
    },
    {
        "codigo": "308",
        "tipo": "2",
        "coddpto": "7",
        "dpto": "SANTA CRUZ                                                  ",
        "zona": "OESTE                                                       ",
        "nombre": "Oficina Externa Trigal                                                                                                                                                                                                                                    ",
        "tipodir": "Calle     ",
        "direccion": "Calle Bolivar esquina calle comercio",
        "longitud": "-64.0859900",
        "latitud": "-18.1822700",
        "telefonos": "3155500   ",
        "horarios": "Lunes - Viernes 09:00 - 12:00 / Lunes - Viernes 14:00 - 16:00",
        "depositoefectivo": "0",
        "personasdiscapacidad": "0",
        "bancapersona": "2",
        "misocio": "2",
        "moneda": "0",
        "codagencia": "101",
        "codsucursal": "10"
    },
    {
        "codigo": "317",
        "tipo": "2",
        "coddpto": "7",
        "dpto": "SANTA CRUZ                                                  ",
        "zona": "CENTRO                                                      ",
        "nombre": "Oficina Central                                                                                                                                                                                                                                           ",
        "tipodir": "Calle     ",
        "direccion": "Calle Ayacucho #166",
        "longitud": "-63.1832472",
        "latitud": "-17.7839306",
        "telefonos": "3155500   ",
        "horarios": "Lunes - Viernes 09:00 - 16:00 / Sábado 09:00 - 13:00",
        "depositoefectivo": "0",
        "personasdiscapacidad": "0",
        "bancapersona": "1",
        "misocio": "2",
        "moneda": "0",
        "codagencia": "10",
        "codsucursal": "10"
    },
    {
        "codigo": "318",
        "tipo": "2",
        "coddpto": "7",
        "dpto": "SANTA CRUZ                                                  ",
        "zona": "SUR                                                         ",
        "nombre": "Agencia Blacutt                                                                                                                                                                                                                                           ",
        "tipodir": "Av.       ",
        "direccion": "Av. Velarde esquina calle Soliz de Olguin, frente a la Plazuela Blacutt",
        "longitud": "-63.1812220",
        "latitud": "-17.7947220",
        "telefonos": "3155500   ",
        "horarios": "Lunes - Viernes 09:00 - 16:00 / Sábado 09:00 - 13:00",
        "depositoefectivo": "0",
        "personasdiscapacidad": "0",
        "bancapersona": "1",
        "misocio": "2",
        "moneda": "0",
        "codagencia": "102",
        "codsucursal": "10"
    },
    {
        "codigo": "330",
        "tipo": "2",
        "coddpto": "1",
        "dpto": "CHUQUISACA                                                  ",
        "zona": "ZONA SUCRE                                                  ",
        "nombre": "Oficina Externa Machareti                                                                                                                                                                                                                                 ",
        "tipodir": "Av.       ",
        "direccion": "Av. Virgen del Carmen, Barrio Virgen del Carmen.",
        "longitud": "-63.3576390",
        "latitud": "-20.8173330",
        "telefonos": "3155500   ",
        "horarios": "Lunes - Viernes 09:00 - 12:00 / Lunes - Viernes 14:00 - 16:00",
        "depositoefectivo": "0",
        "personasdiscapacidad": "0",
        "bancapersona": "2",
        "misocio": "2",
        "moneda": "0",
        "codagencia": "104",
        "codsucursal": "50"
    },
    {
        "codigo": "344",
        "tipo": "2",
        "coddpto": "7",
        "dpto": "SANTA CRUZ                                                  ",
        "zona": "NORTE                                                       ",
        "nombre": "UNIVALLE Santa Cruz                                                                                                                                                                                                                                       ",
        "tipodir": "Av.       ",
        "direccion": "Av. Septimo Anillo, Avenida Cristo Redentor Campus Universitario UNIVALLE",
        "longitud": "-63.1752220",
        "latitud": "-17.7221390",
        "telefonos": "3155500   ",
        "horarios": "Lunes - Viernes 15:00 - 18:00 / Lunes - Viernes 08:00 - 12:00 / Sábado 09:00 - 13:00",
        "depositoefectivo": "0",
        "personasdiscapacidad": "0",
        "bancapersona": "2",
        "misocio": "2",
        "moneda": "0",
        "codagencia": "105",
        "codsucursal": "10"
    },
    {
        "codigo": "359",
        "tipo": "2",
        "coddpto": "3",
        "dpto": "COCHABAMBA                                                  ",
        "zona": "SUR                                                         ",
        "nombre": "Agencia Siglo XX                                                                                                                                                                                                                                          ",
        "tipodir": "Av.       ",
        "direccion": "Av. Siglo XX, esquina calle Pablo de Meneses",
        "longitud": "-66.1303860",
        "latitud": "-17.4275050",
        "telefonos": "4155500   ",
        "horarios": "Lunes - Viernes 09:00 - 16:00 / Sábado 09:00 - 13:00",
        "depositoefectivo": "0",
        "personasdiscapacidad": "0",
        "bancapersona": "2",
        "misocio": "1",
        "moneda": "0",
        "codagencia": "106",
        "codsucursal": "30"
    },
    {
        "codigo": "387",
        "tipo": "2",
        "coddpto": "7",
        "dpto": "SANTA CRUZ                                                  ",
        "zona": "NORTE                                                       ",
        "nombre": "Agencia Hipermaxi Cambodromo                                                                                                                                                                                                                              ",
        "tipodir": "Av.       ",
        "direccion": "Av. Mutualista, Sexto Anillo, zona Cambodromo, en los predios del Hipermaxi",
        "longitud": "-63.1440830",
        "latitud": "-17.7426940",
        "telefonos": "3155500   ",
        "horarios": "Lunes - Viernes 09:00 - 16:00 / Sábado 09:00 - 13:00",
        "depositoefectivo": "0",
        "personasdiscapacidad": "0",
        "bancapersona": "2",
        "misocio": "1",
        "moneda": "0",
        "codagencia": "130",
        "codsucursal": "10"
    },
    {
        "codigo": "436",
        "tipo": "2",
        "coddpto": "3",
        "dpto": "COCHABAMBA                                                  ",
        "zona": "SUR                                                         ",
        "nombre": "Panamericana                                                                                                                                                                                                                                              ",
        "tipodir": "Av.       ",
        "direccion": "Av. Panamericana, esquina Calle Francisco de Sales",
        "longitud": "-66.1613890",
        "latitud": "-17.4360280",
        "telefonos": [],
        "horarios": "Lunes - Viernes 09:00 - 16:00 / Sábado 09:00 - 13:00",
        "depositoefectivo": "0",
        "personasdiscapacidad": "0",
        "bancapersona": "1",
        "misocio": "1",
        "moneda": "0",
        "codagencia": "133",
        "codsucursal": "30"
    },
    {
        "codigo": "441",
        "tipo": "2",
        "coddpto": "7",
        "dpto": "SANTA CRUZ                                                  ",
        "zona": "ZONA PORONGO                                                ",
        "nombre": "Agencia Urubo                                                                                                                                                                                                                                             ",
        "tipodir": "Av.       ",
        "direccion": "Av. Primera plaza Comercial Urubo S/N zona Colinas del Urubo",
        "longitud": "-63.2147170",
        "latitud": "-17.7496140",
        "telefonos": [],
        "horarios": "Lunes - Viernes 09:00 - 16:00 / Sábado 09:00 - 13:00",
        "depositoefectivo": "0",
        "personasdiscapacidad": "0",
        "bancapersona": "1",
        "misocio": "1",
        "moneda": "0",
        "codagencia": "134",
        "codsucursal": "10"
    },
    {
        "codigo": "460",
        "tipo": "2",
        "coddpto": "6",
        "dpto": "TARIJA                                                      ",
        "zona": "ZONA TARIJA                                                 ",
        "nombre": "Agencia Guadalquivir                                                                                                                                                                                                                                      ",
        "tipodir": "Av.       ",
        "direccion": "Av. Panamericana casi esquina Calle Timoteo Raña S/N, Zona Mercado Campesino",
        "longitud": "-64.7416110",
        "latitud": "-21.5223060",
        "telefonos": "6111100   ",
        "horarios": "Lunes - Viernes 09:00 - 16:00 / Sábado 09:00 - 13:00",
        "depositoefectivo": "0",
        "personasdiscapacidad": "0",
        "bancapersona": "2",
        "misocio": "1",
        "moneda": "0",
        "codagencia": "108",
        "codsucursal": "60"
    },
    {
        "codigo": "466",
        "tipo": "2",
        "coddpto": "7",
        "dpto": "SANTA CRUZ                                                  ",
        "zona": "CENTRO                                                      ",
        "nombre": "AGENCIA VIRTUAL SUBAGENTES REMESAS REDTIG                                                                                                                                                                                                                 ",
        "tipodir": "Calle     ",
        "direccion": "Calle Ayacucho, 166 (Centro)",
        "longitud": "-63.1830611",
        "latitud": "-17.7848972",
        "telefonos": "3155500   ",
        "horarios": "Lunes - Viernes 24 Horas - / Sábado - Domingo 09:00 - 16:00",
        "depositoefectivo": "0",
        "personasdiscapacidad": "0",
        "bancapersona": "2",
        "misocio": "2",
        "moneda": "0",
        "codagencia": "200",
        "codsucursal": "10"
    },
    {
        "codigo": "492",
        "tipo": "2",
        "coddpto": "7",
        "dpto": "SANTA CRUZ                                                  ",
        "zona": "ZONA SAN IGNACIO DE VELASCO                                 ",
        "nombre": "Agencia San Ignacio                                                                                                                                                                                                                                       ",
        "tipodir": "Calle     ",
        "direccion": "Calle 24 de Septiembre esquina Calle La Paz S/N",
        "longitud": "-60.9618330",
        "latitud": "-16.3742780",
        "telefonos": [],
        "horarios": "Lunes - Viernes 09:00 - 16:00 / Sábado 09:00 - 13:00",
        "depositoefectivo": "0",
        "personasdiscapacidad": "0",
        "bancapersona": "2",
        "misocio": "2",
        "moneda": "0",
        "codagencia": "136",
        "codsucursal": "10"
    },
    {
        "codigo": "498",
        "tipo": "2",
        "coddpto": "7",
        "dpto": "SANTA CRUZ                                                  ",
        "zona": "ZONA WARNES                                                 ",
        "nombre": "AGENCIA FIJA WARNES                                                                                                                                                                                                                                       ",
        "tipodir": "Av.       ",
        "direccion": "Av. Circunvalación Este y Calle Coronel Mercado S/N",
        "longitud": "-63.1587500",
        "latitud": "-17.5078330",
        "telefonos": [],
        "horarios": "Lunes - Viernes 09:00 - 16:00 / Sábado 09:00 - 13:00",
        "depositoefectivo": "0",
        "personasdiscapacidad": "0",
        "bancapersona": "2",
        "misocio": "2",
        "moneda": "0",
        "codagencia": "107",
        "codsucursal": "10"
    },
    {
        "codigo": "523",
        "tipo": "2",
        "coddpto": "7",
        "dpto": "SANTA CRUZ                                                  ",
        "zona": "OESTE                                                       ",
        "nombre": "Agencia El Torno                                                                                                                                                                                                                                          ",
        "tipodir": "Av.       ",
        "direccion": "Av. Carretera Antigua a Cochabamba, Av. República, N° 1375, frente a la Plaza Principal 25 de Julio. #1375",
        "longitud": "-63.3819440",
        "latitud": "-17.9918330",
        "telefonos": [],
        "horarios": "Lunes - Viernes 09:00 - 16:00 / Sábado 09:00 - 13:00",
        "depositoefectivo": "0",
        "personasdiscapacidad": "0",
        "bancapersona": "1",
        "misocio": "2",
        "moneda": "0",
        "codagencia": "139",
        "codsucursal": "10"
    },
    {
        "codigo": "525",
        "tipo": "2",
        "coddpto": "2",
        "dpto": "LA PAZ                                                      ",
        "zona": "MIRAFLORES                                                  ",
        "nombre": "MIRAFLORES                                                                                                                                                                                                                                                ",
        "tipodir": "Av.       ",
        "direccion": "Av. Av. Pasoskanky esquina Av. Brasil S/N #S/N",
        "longitud": "-16.2950400",
        "latitud": "-68.0709900",
        "telefonos": [],
        "horarios": "Lunes - Viernes 09:00 - 16:00 / Sábado 09:00 - 16:00",
        "depositoefectivo": "0",
        "personasdiscapacidad": "0",
        "bancapersona": "2",
        "misocio": "2",
        "moneda": "0",
        "codagencia": "138",
        "codsucursal": "20"
    },
    {
        "codigo": "526",
        "tipo": "2",
        "coddpto": "2",
        "dpto": "LA PAZ                                                      ",
        "zona": "MIRAFLORES                                                  ",
        "nombre": "AGENCIA MIRAFLORES                                                                                                                                                                                                                                        ",
        "tipodir": "Av.       ",
        "direccion": "Av. Av. Pasoskanky esquina Av. Brasil S/N #S/N",
        "longitud": "-16.2950400",
        "latitud": "-68.0709900",
        "telefonos": [],
        "horarios": "Lunes - Viernes 09:00 - 16:00 / Sábado - Domingo 09:00 - 16:00",
        "depositoefectivo": "0",
        "personasdiscapacidad": "0",
        "bancapersona": "2",
        "misocio": "2",
        "moneda": "0",
        "codagencia": "20",
        "codsucursal": "20"
    }
]