id,codigo,titulo,telefono,direccion,latitud,longitud,es_autobanco,es_principal,ciudad,departamento,horario_atencion,estado_aprobacion,tipo_punto_atencion1,tipo_punto_atencion2,servicios_ofertados,tiene_pos
526,1,SUCURSAL SUCRE,(591-4) 6443951,"CALLE ESPAÑA NO 55, ZONA CENTRAL",-19.0472667,-65.2581861,False,True,Sucre,Chuquisaca,"Lun-Vie%09:00%16:00,Sab%09:00%13:00",Aprobado,Sucursal,Sucursal,"OTORGACIÓN Y PAGO DE CRÉDITOS, APERTURA Y CIERRE DE CUENTAS, RETIROS Y DEPÓSITOS, SERVICIOS DE COBRANZA (ENTEL, NUEVATEL Y OTROS), GIROS NACIONALES Y DEL EXTERIOR Y OTROS SERVICIOS",False
527,3,OFICINA CENTRAL,(591-2) 2409040,AYACUCHO ESQ. MERCADO No 295,-16.4976703,-68.1343892,False,True,La Paz,La Paz,"Lun-Vie%09:00%16:00,Sab%09:00%13:00",Aprobado,Oficina Central,Oficina Central,"OTORGACIÓN Y PAGO DE CRÉDITOS, APERTURA Y CIERRE DE CUENTAS, RETIROS Y DEPÓSITOS, SERVICIOS DE COBRANZA (ENTEL, NUEVATEL Y OTROS), GIROS NACIONALES Y DEL EXTERIOR Y OTROS SERVICIOS",False
528,5,AGENCIA CALACOTO,(591-2) 2409040,AVENIDA BALLIVIÁN No 475,-16.5401389,-68.0891778,True,False,La Paz,La Paz,Lun-Sab%09:00%20:00,Aprobado,Agencia Fija,Agencia Fija,"OTORGACIÓN Y PAGO DE CRÉDITOS, APERTURA Y CIERRE DE CUENTAS, RETIROS Y DEPÓSITOS, SERVICIOS DE COBRANZA (ENTEL, NUEVATEL Y OTROS), GIROS NACIONALES Y DEL EXTERIOR Y OTROS SERVICIOS",False
529,6,AGENCIA ACHUMANI,(591-2) 2409040,"CALLE 16 No 7, FRENTE AL MERCADO DE ACHUMANI",-16.5305083,-68.0732806,False,False,La Paz,La Paz,"Lun-Vie%09:00%16:00,Sab%09:00%13:00",Aprobado,Agencia Fija,Agencia Fija,"OTORGACIÓN Y PAGO DE CRÉDITOS, APERTURA Y CIERRE DE CUENTAS, RETIROS Y DEPÓSITOS, SERVICIOS DE COBRANZA (ENTEL, NUEVATEL Y OTROS), GIROS NACIONALES Y DEL EXTERIOR Y OTROS SERVICIOS",False
530,7,AGENCIA TUMUSLA,(591-2) 2409040,CALLE TUMUSLA No 734,-16.4953333,-68.1447222,False,False,La Paz,La Paz,"Lun-Vie%09:00%16:00,Sab%09:00%13:00",Aprobado,Agencia Fija,Agencia Fija,"OTORGACIÓN Y PAGO DE CRÉDITOS, APERTURA Y CIERRE DE CUENTAS, RETIROS Y DEPÓSITOS, SERVICIOS DE COBRANZA (ENTEL, NUEVATEL Y OTROS), GIROS NACIONALES Y DEL EXTERIOR Y OTROS SERVICIOS",False
531,8,AGENCIA SAN MIGUEL,(591-2) 2409040,AVENIDA BALLIVIAN No 1426 ESQUINA CALLE 21 - CALACOTO,-16.5391667,-68.0782028,False,False,La Paz,La Paz,"Lun-Vie%09:00%16:00,Sab%09:00%13:00",Aprobado,Agencia Fija,Agencia Fija,"OTORGACIÓN Y PAGO DE CRÉDITOS, APERTURA Y CIERRE DE CUENTAS, RETIROS Y DEPÓSITOS, SERVICIOS DE COBRANZA (ENTEL, NUEVATEL Y OTROS), GIROS NACIONALES Y DEL EXTERIOR Y OTROS SERVICIOS",False
532,9,AGENCIA PEREZ VELASCO,(591-2) 2409040,AVENIDA ISMAEL MONTES N  741,-16.4933167,-68.1369417,False,False,La Paz,La Paz,"Lun-Vie%09:00%16:00,Sab%09:00%13:00",Aprobado,Agencia Fija,Agencia Fija,"OTORGACIÓN Y PAGO DE CRÉDITOS, APERTURA Y CIERRE DE CUENTAS, RETIROS Y DEPÓSITOS, SERVICIOS DE COBRANZA (ENTEL, NUEVATEL Y OTROS), GIROS NACIONALES Y DEL EXTERIOR Y OTROS SERVICIOS",False
533,10,AGENCIA MIRAFLORES,(591-2) 2409040 ,DIAZ ROMERO No 1399 ESQUINA GAMARRA,-16.50141826234673,-68.12140881668402,True,False,La Paz,La Paz,"Lun-Vie%09:00%13:00%15:00%18:00,Sab%09:00%13:00",Aprobado,Agencia Fija,Agencia Fija,"OTORGACIÓN Y PAGO DE CRÉDITOS, APERTURA Y CIERRE DE CUENTAS, RETIROS Y DEPÓSITOS, SERVICIOS DE COBRANZA (ENTEL, NUEVATEL Y OTROS), GIROS NACIONALES Y DEL EXTERIOR Y OTROS SERVICIOS",False
534,11,AGENCIA VILLA FATIMA,(591-2) 2409040,AV. LAS AMERICAS S/N ESQ. CALLE PUENTE VILLA - EXFAB. DE CHOCOLATES CORONA,-16.4795222,-68.1207139,False,False,La Paz,La Paz,"Lun-Vie%09:00%16:00,Sab%09:00%13:00",Aprobado,Agencia Fija,Agencia Fija,"OTORGACIÓN Y PAGO DE CRÉDITOS, APERTURA Y CIERRE DE CUENTAS, RETIROS Y DEPÓSITOS, SERVICIOS DE COBRANZA (ENTEL, NUEVATEL Y OTROS), GIROS NACIONALES Y DEL EXTERIOR Y OTROS SERVICIOS",False
535,12,AGENCIA TORRE IDEA,(591-2) 2409040,AV ARCE ESQ ROSENDO GUTIERREZ EDIFICIO TORRE IDEA ,-16.5077176,-68.1262496,False,False,La Paz,La Paz,"Lun-Vie%09:00%16:00,Sab%09:00%13:00",Aprobado,Agencia Fija,Agencia Fija,"OTORGACIÓN Y PAGO DE CRÉDITOS, APERTURA Y CIERRE DE CUENTAS, RETIROS Y DEPÓSITOS, SERVICIOS DE COBRANZA (ENTEL, NUEVATEL Y OTROS), GIROS NACIONALES Y DEL EXTERIOR Y OTROS SERVICIOS",False
536,13,AGENCIA ELOY SALMON,(591-2) 2409040,CALLE ELOY SALMÓN No 820,-16.4984361,-68.1431167,False,False,La Paz,La Paz,"Lun-Vie%09:00%13:00%15:00%18:00,Sab%09:00%13:00",Aprobado,Agencia Fija,Agencia Fija,"OTORGACIÓN Y PAGO DE CRÉDITOS, APERTURA Y CIERRE DE CUENTAS, RETIROS Y DEPÓSITOS, SERVICIOS DE COBRANZA (ENTEL, NUEVATEL Y OTROS), GIROS NACIONALES Y DEL EXTERIOR Y OTROS SERVICIOS",False
537,15,AGENCIA 16 DE JULIO,+591 2 2409040,"URBANIZACIÓN VILLA 16 DE JULIO, LOTE S/N, MANZANO 19",-16.4985325,-68.1744087,False,False,El Alto,La Paz,"Lun-Vie%09:00%16:00,Sab%09:00%13:00",Aprobado,Agencia Fija,Agencia Fija,"OTORGACIÓN Y PAGO DE CRÉDITOS, APERTURA Y CIERRE DE CUENTAS, RETIROS Y DEPÓSITOS, SERVICIOS DE COBRANZA (ENTEL, NUEVATEL Y OTROS), GIROS NACIONALES Y DEL EXTERIOR Y OTROS SERVICIOS",False
538,17,AGENCIA OBRAJES,(591-2) 2409040,AV HERNANDO SILES ESQ CALLE 17 S/N ZONA OBRAJES EDIFICIO MARIO MERCADO,-16.5300361,-68.1008639,False,False,La Paz,La Paz,"Lun-Vie%09:00%16:00,Sab%09:00%13:00",Aprobado,Agencia Fija,Agencia Fija,"OTORGACIÓN Y PAGO DE CRÉDITOS, APERTURA Y CIERRE DE CUENTAS, RETIROS Y DEPÓSITOS, SERVICIOS DE COBRANZA (ENTEL, NUEVATEL Y OTROS), GIROS NACIONALES Y DEL EXTERIOR Y OTROS SERVICIOS",False
539,18,AGENCIA VILLA ADELA,(591-2) 2409040,AV. BOLIVIA N° 131 ESQ. CALLE 1  VILLA BOLIVAR MUNICIPAL,-16.5349639,-68.19,False,False,El Alto,La Paz,"Lun-Vie%09:00%16:00,Sab%09:00%13:00",Aprobado,Agencia Fija,Agencia Fija,"OTORGACIÓN Y PAGO DE CRÉDITOS, APERTURA Y CIERRE DE CUENTAS, RETIROS Y DEPÓSITOS, SERVICIOS DE COBRANZA (ENTEL, NUEVATEL Y OTROS), GIROS NACIONALES Y DEL EXTERIOR Y OTROS SERVICIOS",False
540,20,AGENCIA CAMACHO,(591-2) 2409040,AVENIDA CAMACHO No 1448,-16.4996417,-68.1328944,False,False,La Paz,La Paz,Lun-Sab%09:00%20:00,Aprobado,Agencia Fija,Agencia Fija,"OTORGACIÓN Y PAGO DE CRÉDITOS, APERTURA Y CIERRE DE CUENTAS, RETIROS Y DEPÓSITOS, SERVICIOS DE COBRANZA (ENTEL, NUEVATEL Y OTROS), GIROS NACIONALES Y DEL EXTERIOR Y OTROS SERVICIOS",False
541,25,CAJA EXTERNA UNICEF,(591-2) 2409040,AVENIDA FUERZA NAVAL 7720 ESQ. CALLE 20 DE CALACOTO,-16.5377447,-68.0804184,False,False,La Paz,La Paz,"Lun-Jue%09:00%13:15%14:30%17:30,Vie%09:00%13:00%13:30%16:30",Aprobado,Oficina Externa,Oficina Externa,"DEPOSITOS Y RETIROS, PAGO DE CREDITOS, SERVICIOS DE COBRANZAS (ENTEL, NUEVATEL Y OTROS)",False
542,30,AGENCIA LA CEJA EL ALTO,(591-2) 2409040,AVENIDA FRANCO VALLE No 35 CASI ESQ. CALLE 2 - VILLA 12 DE OCTUBRE,-16.5064861,-68.1620333,False,False,El Alto,La Paz,"Lun-Vie%09:00%16:00,Sab%09:00%13:00",Aprobado,Agencia Fija,Agencia Fija,"OTORGACIÓN Y PAGO DE CRÉDITOS, APERTURA Y CIERRE DE CUENTAS, RETIROS Y DEPÓSITOS, SERVICIOS DE COBRANZA (ENTEL, NUEVATEL Y OTROS), GIROS NACIONALES Y DEL EXTERIOR Y OTROS SERVICIOS",False
543,31,AGENCIA CIUDAD SATÉLITE,(591-2) 2409040,AVENIDA CIUDAD SATÉLITE NRO 239,-16.5287209,-68.181116,False,False,El Alto,La Paz,"Lun-Vie%09:00%16:00,Sab%09:00%13:00",Aprobado,Agencia Fija,Agencia Fija,"OTORGACIÓN Y PAGO DE CRÉDITOS, APERTURA Y CIERRE DE CUENTAS, RETIROS Y DEPÓSITOS, SERVICIOS DE COBRANZA (ENTEL, NUEVATEL Y OTROS), GIROS NACIONALES Y DEL EXTERIOR Y OTROS SERVICIOS",False
544,33,SUCURSAL COCHABAMBA,(591-4) 4152500,CALLE NATANIEL AGUIRRE ESQUINA  CALLE CALAMA No 0- 201,-17.3964278,-66.1569222,False,True,Cochabamba,Cochabamba,"Lun-Vie%09:00%16:00,Sab%09:00%13:00",Aprobado,Sucursal,Sucursal,"OTORGACIÓN Y PAGO DE CRÉDITOS, APERTURA Y CIERRE DE CUENTAS, RETIROS Y DEPÓSITOS, SERVICIOS DE COBRANZA (ENTEL, NUEVATEL Y OTROS), GIROS NACIONALES Y DEL EXTERIOR Y OTROS SERVICIOS",False
545,34,AGENCIA CALAMA,(591-4) 4152500,CALLE CALAMA No E - 0242,-17.3965167,-66.1565667,False,False,Cochabamba,Cochabamba,"Lun-Vie%09:00%13:00%15:00%18:00,Sab%09:00%13:00",Aprobado,Agencia Fija,Agencia Fija,"OTORGACIÓN Y PAGO DE CRÉDITOS, RETIROS Y DEPÓSITOS, SERVICIOS DE COBRANZA (ENTEL, NUEVATEL Y OTROS), GIROS NACIONALES Y DEL EXTERIOR Y OTROS SERVICIOS",False
546,35,AGENCIA CALATAYUD ,(591-4) 4152500,"AVENIDA SAN MARTIN ESQ. HONDURAS NRO 516, ZONA CENTRAL",-17.4014611,-66.1532333,False,False,Cochabamba,Cochabamba,"Lun-Vie%09:00%13:00%15:00%18:00,Sab%09:00%13:00",Aprobado,Agencia Fija,Agencia Fija,"OTORGACIÓN Y PAGO DE CRÉDITOS, APERTURA Y CIERRE DE CUENTAS, RETIROS Y DEPÓSITOS, SERVICIOS DE COBRANZA (ENTEL, NUEVATEL Y OTROS), GIROS NACIONALES Y DEL EXTERIOR Y OTROS SERVICIOS",False
547,36,AGENCIA RAMON RIVERO,(591-4) 4152500,AVENIDAD OQUENDO ESQUINA RAMON RIVERO E - 708,-17.3810167,-66.1517222,False,False,Cochabamba,Cochabamba,Lun-Sab%09:00%20:00,Aprobado,Agencia Fija,Agencia Fija,"OTORGACIÓN Y PAGO DE CRÉDITOS, APERTURA Y CIERRE DE CUENTAS, RETIROS Y DEPÓSITOS, SERVICIOS DE COBRANZA (ENTEL, NUEVATEL Y OTROS), GIROS NACIONALES Y DEL EXTERIOR Y OTROS SERVICIOS",False
548,37,AGENCIA NORTE CBBA 21,(591-4) 4152500,AVENIDA AMÉRICA ESQUINA LIBERTADOR BOLIVAR,-17.3726806,-66.16295,True,False,Cochabamba,Cochabamba,"Lun-Vie%09:00%16:00,Sab%09:00%13:00",Aprobado,Agencia Fija,Agencia Fija,"OTORGACIÓN Y PAGO DE CRÉDITOS, APERTURA Y CIERRE DE CUENTAS, RETIROS Y DEPÓSITOS, SERVICIOS DE COBRANZA (ENTEL, NUEVATEL Y OTROS), GIROS NACIONALES Y DEL EXTERIOR Y OTROS SERVICIOS",False
549,38,AGENCIA BLANCO GALINDO,(591-4) 4152500,AVENIDA BLANCO GALINDO KM 1 No 1086,-17.3936944,-66.1689889,False,False,Cochabamba,Cochabamba,"Lun-Vie%09:00%16:00,Sab%09:00%13:00",Aprobado,Agencia Fija,Agencia Fija,"OTORGACIÓN Y PAGO DE CRÉDITOS, APERTURA Y CIERRE DE CUENTAS, RETIROS Y DEPÓSITOS, SERVICIOS DE COBRANZA (ENTEL, NUEVATEL Y OTROS), GIROS NACIONALES Y DEL EXTERIOR Y OTROS SERVICIOS",False
550,39,AGENCIA HEROINAS  ,(591-4) 4152500,AVENIDA HEROINAS ESQUINA CALLE ANTEZANA No E- 745,-17.3911056,-66.1520833,False,False,Cochabamba,Cochabamba,"Lun-Vie%09:00%16:00,Sab%09:00%13:00",Aprobado,Agencia Fija,Agencia Fija,"OTORGACIÓN Y PAGO DE CRÉDITOS, APERTURA Y CIERRE DE CUENTAS, RETIROS Y DEPÓSITOS, SERVICIOS DE COBRANZA (ENTEL, NUEVATEL Y OTROS), GIROS NACIONALES Y DEL EXTERIOR Y OTROS SERVICIOS",False
551,40,AGENCIA SUR,(591-4) 4152608,CALLE TOTORA NRO 1153 ESQUINA AGUSTIN LOPEZ,-17.4049389,-66.15655,False,False,Cochabamba,Cochabamba,"Lun-Vie%09:00%16:00,Sab%09:00%13:00",Aprobado,Agencia Fija,Agencia Fija,"OTORGACIÓN Y PAGO DE CRÉDITOS, APERTURA Y CIERRE DE CUENTAS, RETIROS Y DEPÓSITOS, SERVICIOS DE COBRANZA (ENTEL, NUEVATEL Y OTROS), GIROS NACIONALES Y DEL EXTERIOR Y OTROS SERVICIOS",False
553,42,AGENCIA SIMON LOPEZ,(591-4) 4152500,AVENIDA SIMON LOPEZ NRO 1571,-17.3615444,-66.1820389,False,False,Cochabamba,Cochabamba,"Lun-Vie%09:00%16:00,Sab%09:00%13:00",Aprobado,Agencia Fija,Agencia Fija,"OTORGACIÓN Y PAGO DE CRÉDITOS, APERTURA Y CIERRE DE CUENTAS, RETIROS Y DEPÓSITOS, SERVICIOS DE COBRANZA (ENTEL, NUEVATEL Y OTROS), GIROS NACIONALES Y DEL EXTERIOR Y OTROS SERVICIOS",False
554,46,SUCURSAL ORURO,(591-2) 5252132,CALLE ADOLFO MIER No 820 ESQUINA PRESIDENTE MONTES - PLAZA 10 DE FEBRERO,-17.96897178217121,-67.11500108125828,False,True,Oruro,Oruro,"Lun-Vie%09:00%16:00,Sab%09:00%13:00",Aprobado,Sucursal,Sucursal,"OTORGACIÓN Y PAGO DE CRÉDITOS, APERTURA Y CIERRE DE CUENTAS, RETIROS Y DEPÓSITOS, SERVICIOS DE COBRANZA (ENTEL, NUEVATEL Y OTROS), GIROS NACIONALES Y DEL EXTERIOR Y OTROS SERVICIOS",False
555,47,AGENCIA BOLIVAR,(591-2) 5252132,CALLE BOLIVAR No 460 ENTRE 6 DE OCTUBRE Y POTOSI,-17.9707028,-67.1121056,False,False,Oruro,Oruro,"Lun-Vie%09:00%13:00%15:00%18:00,Sab%09:00%13:00",Aprobado,Agencia Fija,Agencia Fija,"OTORGACIÓN Y PAGO DE CRÉDITOS, APERTURA Y CIERRE DE CUENTAS, RETIROS Y DEPÓSITOS, SERVICIOS DE COBRANZA (ENTEL, NUEVATEL Y OTROS), GIROS NACIONALES Y DEL EXTERIOR Y OTROS SERVICIOS",False
556,50,SUCURSAL POTOSI,(591-2) 6228085,PASAJE BOULEVARD NRO 50 - 54 ESQUINA CALLE MATOS,-19.5882306,-65.7524833,False,True,Potosí,Potosí,"Lun-Vie%09:00%16:00,Sab%09:00%13:00",Aprobado,Sucursal,Sucursal,"OTORGACIÓN Y PAGO DE CRÉDITOS, APERTURA Y CIERRE DE CUENTAS, RETIROS Y DEPÓSITOS, SERVICIOS DE COBRANZA (ENTEL, NUEVATEL Y OTROS), GIROS NACIONALES Y DEL EXTERIOR Y OTROS SERVICIOS",False
557,51,AGENCIA VILLAZON,(591-2) 6228085,CALLE INDEPENDENCIA NRO 186 ENTRE LA PAZ Y TARIJA,-22.08979542308381,-65.59493959008147,False,False,Villazón,Potosí,"Lun-Vie%09:00%16:00,Sab%09:00%13:00",Aprobado,Agencia Fija,Agencia Fija,"OTORGACIÓN Y PAGO DE CRÉDITOS, APERTURA Y CIERRE DE CUENTAS, RETIROS Y DEPÓSITOS, SERVICIOS DE COBRANZA (ENTEL, NUEVATEL Y OTROS), GIROS NACIONALES Y DEL EXTERIOR Y OTROS SERVICIOS",False
558,52,SUCURSAL TARIJA,(591-4) 6642433,"CALLE MARISCAL SUCRE ESQUINA 15 DE ABRIL, PLAZA LUIS DE FUENTES",-21.5345083,-64.7339639,False,True,Tarija,Tarija,"Lun-Vie%09:00%16:00,Sab%09:00%13:00",Aprobado,Sucursal,Sucursal,"OTORGACIÓN Y PAGO DE CRÉDITOS, APERTURA Y CIERRE DE CUENTAS, RETIROS Y DEPÓSITOS, SERVICIOS DE COBRANZA (ENTEL, NUEVATEL Y OTROS), GIROS NACIONALES Y DEL EXTERIOR Y OTROS SERVICIOS",False
559,53,AGENCIA VILLA FATIMA,(591-4) 6642433,AVENIDA LA PAZ ESQUINA AV. BELGRANO,-21.5378674,-64.7237545,False,False,Tarija,Tarija,"Lun-Vie%09:00%13:00%15:00%18:00,Sab%09:00%13:00",Aprobado,Agencia Fija,Agencia Fija,"OTORGACIÓN Y PAGO DE CRÉDITOS, APERTURA Y CIERRE DE CUENTAS, RETIROS Y DEPÓSITOS, SERVICIOS DE COBRANZA (ENTEL, NUEVATEL Y OTROS), GIROS NACIONALES Y DEL EXTERIOR Y OTROS SERVICIOS",False
560,54,AGENCIA BERMEJO,(591-4) 6642433,"CALLE COCHABAMBA, HOTEL INTERNACIONAL - BERMEJO",-22.7338444,-64.3444444,False,False,Bermejo,Tarija,"Lun-Vie%09:00%16:00,Sab%09:00%13:00",Aprobado,Agencia Fija,Agencia Fija,"OTORGACIÓN Y PAGO DE CRÉDITOS, APERTURA Y CIERRE DE CUENTAS, RETIROS Y DEPÓSITOS, SERVICIOS DE COBRANZA (ENTEL, NUEVATEL Y OTROS), GIROS NACIONALES Y DEL EXTERIOR Y OTROS SERVICIOS",False
561,55,AGENCIA YACUIBA,(591-4) 6642433,CALLE SANTA CRUZ ESQ. CALLE SAN PEDRO S/N,-22.0175056,-63.6802167,False,False,Yacuiba,Tarija,"Lun-Vie%09:00%16:00,Sab%09:00%13:00",Aprobado,Agencia Fija,Agencia Fija,"OTORGACIÓN Y PAGO DE CRÉDITOS, APERTURA Y CIERRE DE CUENTAS, RETIROS Y DEPÓSITOS, SERVICIOS DE COBRANZA (ENTEL, NUEVATEL Y OTROS), GIROS NACIONALES Y DEL EXTERIOR Y OTROS SERVICIOS",False
562,56,AGENCIA FLORIDA,(591-3) 3633000,"ZONA CENTRAL, CALLE FLORIDA N° 64",-17.781903632373893,-63.183349371286745,False,False,Santa Cruz de la Sierra,Santa Cruz,"Lun-Vie%09:00%16:00,Sab%09:00%13:00",Aprobado,Agencia Fija,Agencia Fija,"OTORGACIÓN Y PAGO DE CRÉDITOS, APERTURA Y CIERRE DE CUENTAS, RETIROS Y DEPÓSITOS, SERVICIOS DE COBRANZA (ENTEL, NUEVATEL Y OTROS), GIROS NACIONALES Y DEL EXTERIOR Y OTROS SERVICIOS",False
563,57,AGENCIA EQUIPETROL,(591-3) 3633000,"AV. SAN MARTIN ESQUINA C/E UV.0059, Mz. 0013",-17.7609422,-63.1981073,False,False,Santa Cruz de la Sierra,Santa Cruz,"Lun-Vie%09:00%16:00,Sab%09:00%13:00",Aprobado,Agencia Fija,Agencia Fija,"OTORGACIÓN Y PAGO DE CRÉDITOS, APERTURA Y CIERRE DE CUENTAS, RETIROS Y DEPÓSITOS, SERVICIOS DE COBRANZA (ENTEL, NUEVATEL Y OTROS), GIROS NACIONALES Y DEL EXTERIOR Y OTROS SERVICIOS",False
564,58,AGENCIA BARRIO LINDO,(591-3) 3633000,"AVENIDA VIEDMA S/N ESQUINA ORURO, ZONA SUR",-17.7900361,-63.1719944,False,False,Santa Cruz de la Sierra,Santa Cruz,"Lun-Vie%09:00%16:00,Sab%09:00%13:00",Aprobado,Agencia Fija,Agencia Fija,"OTORGACIÓN Y PAGO DE CRÉDITOS, APERTURA Y CIERRE DE CUENTAS, RETIROS Y DEPÓSITOS, SERVICIOS DE COBRANZA (ENTEL, NUEVATEL Y OTROS), GIROS NACIONALES Y DEL EXTERIOR Y OTROS SERVICIOS",False
566,62,AGENCIA 7 CALLES,(591-3) 3633000,CALLE SUÁREZ DE FIGUEROA No 389,-17.7859889,-63.1846889,False,False,Santa Cruz de la Sierra,Santa Cruz,"Lun-Vie%09:00%16:00,Sab%09:00%13:00",Aprobado,Agencia Fija,Agencia Fija,"OTORGACIÓN Y PAGO DE CRÉDITOS, APERTURA Y CIERRE DE CUENTAS, RETIROS Y DEPÓSITOS, SERVICIOS DE COBRANZA (ENTEL, NUEVATEL Y OTROS), GIROS NACIONALES Y DEL EXTERIOR Y OTROS SERVICIOS",False
567,63,AGENCIA MUTUALISTA,(591-3) 3633000,3ER ANILLO INTERNO (ENTRE AV. ALEMANA Y AV. MUTUALISTA),-17.7623417,-63.1635083,True,False,Santa Cruz de la Sierra,Santa Cruz,"Lun-Vie%09:00%16:00,Sab%09:00%13:00",Aprobado,Agencia Fija,Agencia Fija,"OTORGACIÓN Y PAGO DE CRÉDITOS, APERTURA Y CIERRE DE CUENTAS, RETIROS Y DEPÓSITOS, SERVICIOS DE COBRANZA (ENTEL, NUEVATEL Y OTROS), GIROS NACIONALES Y DEL EXTERIOR Y OTROS SERVICIOS",False
569,65,AGENCIA PARQUE INDUSTRIAL,(591-3) 3633000,AV. PRINCIPAL PARQUE INDUSTRIAL MZ 7,-17.7675,-63.1436111,False,False,Santa Cruz de la Sierra,Santa Cruz,"Lun-Vie%09:00%13:00%15:00%18:00,Sab%09:00%13:00",Aprobado,Agencia Fija,Agencia Fija,"OTORGACIÓN Y PAGO DE CRÉDITOS, APERTURA Y CIERRE DE CUENTAS, RETIROS Y DEPÓSITOS, SERVICIOS DE COBRANZA (ENTEL, NUEVATEL Y OTROS), GIROS NACIONALES Y DEL EXTERIOR Y OTROS SERVICIOS",False
570,66,AGENCIA MELCHOR PINTO,(591-3) 3633000,AVENIDA MELCHOR PINTO No 742,-17.7824944,-63.1654639,False,False,Santa Cruz de la Sierra,Santa Cruz,"Lun-Vie%09:00%16:00,Sab%09:00%13:00",Aprobado,Agencia Fija,Agencia Fija,"OTORGACIÓN Y PAGO DE CRÉDITOS, APERTURA Y CIERRE DE CUENTAS, RETIROS Y DEPÓSITOS, SERVICIOS DE COBRANZA (ENTEL, NUEVATEL Y OTROS), GIROS NACIONALES Y DEL EXTERIOR Y OTROS SERVICIOS",False
571,67,AGENCIA  LA RAMADA,(591-3) 3633000,AVENIDA. GRIGOTÁ No 566,-17.7968889,-63.1916222,False,False,Santa Cruz de la Sierra,Santa Cruz,"Lun-Vie%09:00%16:00,Sab%09:00%13:00",Aprobado,Agencia Fija,Agencia Fija,"OTORGACIÓN Y PAGO DE CRÉDITOS, APERTURA Y CIERRE DE CUENTAS, RETIROS Y DEPÓSITOS, SERVICIOS DE COBRANZA (ENTEL, NUEVATEL Y OTROS), GIROS NACIONALES Y DEL EXTERIOR Y OTROS SERVICIOS",False
572,69,AGENCIA CHIRIGUANO,(591-3) 3633000,AV. ROQUE AGUILERA (3ER ANILLO INTERNO) ESQ. AV. EL PALMAR (RADIAL 19)  ENTRE AV. ROCA CORONADO Y AV. PIRAI,-17.7904444,-63.205,False,False,Santa Cruz de la Sierra,Santa Cruz,"Lun-Vie%09:00%16:00,Sab%09:00%13:00",Aprobado,Agencia Fija,Agencia Fija,"OTORGACIÓN Y PAGO DE CRÉDITOS, APERTURA Y CIERRE DE CUENTAS, RETIROS Y DEPÓSITOS, SERVICIOS DE COBRANZA (ENTEL, NUEVATEL Y OTROS), GIROS NACIONALES Y DEL EXTERIOR Y OTROS SERVICIOS",False
573,73,AGENCIA GRIGOTA,(591-3) 3633000,"AV. DOBLE VÍA A LA GUARDIA ESQ. CALLE LAS PALMAS UV. 52, MZ. 34, BARRIO LAS PALMAS",-17.8071667,-63.2033333,True,False,Santa Cruz de la Sierra,Santa Cruz,Lun-Sab%09:00%20:00,Aprobado,Agencia Fija,Agencia Fija,"OTORGACIÓN Y PAGO DE CRÉDITOS, APERTURA Y CIERRE DE CUENTAS, RETIROS Y DEPÓSITOS, SERVICIOS DE COBRANZA (ENTEL, NUEVATEL Y OTROS), GIROS NACIONALES Y DEL EXTERIOR Y OTROS SERVICIOS",False
574,78,AGENCIA MONTERO,(591-3) 3633000,CALLE WARNES No 112 - MONTERO,-17.343024295981238,-63.25586557562617,False,False,Montero,Santa Cruz,"Lun-Vie%09:00%16:00,Sab%09:00%13:00",Aprobado,Agencia Fija,Agencia Fija,"OTORGACIÓN Y PAGO DE CRÉDITOS, APERTURA Y CIERRE DE CUENTAS, RETIROS Y DEPÓSITOS, SERVICIOS DE COBRANZA (ENTEL, NUEVATEL Y OTROS), GIROS NACIONALES Y DEL EXTERIOR Y OTROS SERVICIOS",False
575,79,AGENCIA WARNES,(591-3) 3633000,"CARRETERA AL NORTE KM. 30, AVENIDA 25 DE MAYO S/N ENTRE CORONEL MERCADO Y RECAREDO RODA",-17.5102472,-63.167575,False,False,Warnes,Santa Cruz,"Lun-Vie%09:00%16:00,Sab%09:00%13:00",Aprobado,Agencia Fija,Agencia Fija,"OTORGACIÓN Y PAGO DE CRÉDITOS, APERTURA Y CIERRE DE CUENTAS, RETIROS Y DEPÓSITOS, SERVICIOS DE COBRANZA (ENTEL, NUEVATEL Y OTROS), GIROS NACIONALES Y DEL EXTERIOR Y OTROS SERVICIOS",False
576,80,AGENCIA  PUERTO AGUIRRE,(591-3) 3633000,ZONA FRANCA PUERTO AGUIRRE,-18.9975722,-57.7125556,False,False,Puerto Quijarro,Santa Cruz,Lun-Vie%09:00%14:00,Aprobado,Agencia Fija,Agencia Fija,"OTORGACIÓN Y PAGO DE CRÉDITOS, APERTURA Y CIERRE DE CUENTAS, RETIROS Y DEPÓSITOS, SERVICIOS DE COBRANZA (ENTEL, NUEVATEL Y OTROS), GIROS NACIONALES Y DEL EXTERIOR Y OTROS SERVICIOS",False
577,81,AGENCIA YAPACANI,(591-3) 3633000,"AVENIDA YAPACANI, BARRIO FUJI, DISTRITO 1",-17.291776044035345,-63.84487326883748,False,False,San Juan de Yapacani,Santa Cruz,"Lun-Vie%09:00%16:00,Sab%09:00%13:00",Aprobado,Agencia Fija,Agencia Fija,"OTORGACIÓN Y PAGO DE CRÉDITOS, APERTURA Y CIERRE DE CUENTAS, RETIROS Y DEPÓSITOS, SERVICIOS DE COBRANZA (ENTEL, NUEVATEL Y OTROS), GIROS NACIONALES Y DEL EXTERIOR Y OTROS SERVICIOS",False
578,82,SUCURSAL TRINIDAD,(591-3) 4621950,PLAZA BALLIVIÁN (ACERA NORTE) ENTRE C/NICOLÁS SUAREZ Y AV. CIPRIANO BARACE,-14.8344794,-64.9030065,False,True,Trinidad,Beni,"Lun-Vie%09:00%16:00,Sab%09:00%13:00",Aprobado,Sucursal,Sucursal,"OTORGACIÓN Y PAGO DE CRÉDITOS, APERTURA Y CIERRE DE CUENTAS, RETIROS Y DEPÓSITOS, SERVICIOS DE COBRANZA (ENTEL, NUEVATEL Y OTROS), GIROS NACIONALES Y DEL EXTERIOR Y OTROS SERVICIOS",False
579,85,AGENCIA RIBERALTA,(591-3) 4621966,"S/AV. DR. ANTONIO VACA DIEZ S/N, BARRIO LA CRUZ",-10.998379602469834,-66.07506036845581,False,False,Riberalta,Beni,"Lun-Vie%09:00%16:00,Sab%09:00%13:00",Aprobado,Agencia Fija,Agencia Fija,"OTORGACIÓN Y PAGO DE CRÉDITOS, APERTURA Y CIERRE DE CUENTAS, RETIROS Y DEPÓSITOS, SERVICIOS DE COBRANZA (ENTEL, NUEVATEL Y OTROS), GIROS NACIONALES Y DEL EXTERIOR Y OTROS SERVICIOS",False
580,349,AGENCIA PRADO,(591-4) 4152500,"CCALLE ESPAÑA ESQUINA CALLE LA PAZ NO 689, ZONA EL PRADO",-17.3855167,-66.1580306,False,False,Cochabamba,Cochabamba,"Lun-Vie%09:00%13:00%15:00%18:00,Sab%09:00%13:00",Aprobado,Agencia Fija,Agencia Fija,"OTORGACIÓN Y PAGO DE CRÉDITOS, APERTURA Y CIERRE DE CUENTAS, RETIROS Y DEPÓSITOS, SERVICIOS DE COBRANZA (ENTEL, NUEVATEL Y OTROS), GIROS NACIONALES Y DEL EXTERIOR Y OTROS SERVICIOS",False
581,365,AGENCIA SANTA ROSA DEL SARA,(591-3) 3633000,CALLE SARA ESQUINA PLAZA 30 DE AGOSTO,-17.1096556,-63.5986056,False,False,Santa Rosa del Sara,Santa Cruz,Lun-Vie%09:00%14:00,Aprobado,Agencia Fija,Agencia Fija,"OTORGACIÓN Y PAGO DE CRÉDITOS, APERTURA Y CIERRE DE CUENTAS, RETIROS Y DEPÓSITOS, SERVICIOS DE COBRANZA (ENTEL, NUEVATEL Y OTROS), GIROS NACIONALES Y DEL EXTERIOR Y OTROS SERVICIOS",False
582,370,AGENCIA COLCAPIRHUA,(591-4) 4152500,AV. BLANCO GALINDO KM.9 N° E-15 ACERA NORTE ENTRE CLEOMEDES BLANCO Y SUCRE,-17.3906144,-66.2411447,False,False,Cochabamba,Cochabamba,"Lun-Vie%09:00%16:00,Sab%09:00%13:00",Aprobado,Agencia Fija,Agencia Fija,"OTORGACIÓN Y PAGO DE CRÉDITOS, APERTURA Y CIERRE DE CUENTAS, RETIROS Y DEPÓSITOS, SERVICIOS DE COBRANZA (ENTEL, NUEVATEL Y OTROS), GIROS NACIONALES Y DEL EXTERIOR Y OTROS SERVICIOS",False
584,377,AGENCIA VILLA 1RO DE MAYO,(591-3) 3633000,AV. PRINCIPAL ESQ. CALLE 14 OESTE U.V. 86 Mz. ZO.M18,-17.800625,-63.1353833,False,False,Santa Cruz de la Sierra,Santa Cruz,"Lun-Vie%09:00%16:00,Sab%09:00%13:00",Aprobado,Agencia Fija,Agencia Fija,"OTORGACIÓN Y PAGO DE CRÉDITOS, APERTURA Y CIERRE DE CUENTAS, RETIROS Y DEPÓSITOS, SERVICIOS DE COBRANZA (ENTEL, NUEVATEL Y OTROS), GIROS NACIONALES Y DEL EXTERIOR Y OTROS SERVICIOS",False
585,378,AGENCIA RIO SECO,(591-2)2654754,AV. JUAN PABLO II # 3010 A MEDIA CUADRA DE LA CALLE 6,-16.4903556,-68.2070944,False,False,El Alto,La Paz,"Lun-Vie%09:00%16:00,Sab%09:00%13:00",Aprobado,Agencia Fija,Agencia Fija,"OTORGACIÓN Y PAGO DE CRÉDITOS, APERTURA Y CIERRE DE CUENTAS, RETIROS Y DEPÓSITOS, SERVICIOS DE COBRANZA (ENTEL, NUEVATEL Y OTROS), GIROS NACIONALES Y DEL EXTERIOR Y OTROS SERVICIOS",False
586,382,AGENCIA MERCADO CAMPESINO,(591-4) 6443951,"CALLE J. PRUDENCIO BUSTILLOS N 242, ZONA MERCADO CAMPESINO",-19.033691568293523,-65.25294184684755,False,False,Sucre,Chuquisaca,"Lun-Vie%09:00%13:00%15:00%18:00,Sab%09:00%13:00",Aprobado,Agencia Fija,Agencia Fija,"OTORGACIÓN Y PAGO DE CRÉDITOS, APERTURA Y CIERRE DE CUENTAS, RETIROS Y DEPÓSITOS, SERVICIOS DE COBRANZA (ENTEL, NUEVATEL Y OTROS), GIROS NACIONALES Y DEL EXTERIOR Y OTROS SERVICIOS",False
587,397,AGENCIA SAN CARLOS,(591-3) 3633000,AV. VIRGILIO SERRATE ESQ. CALLE MIGUEL MAGIN CHAVEZ,-17.4079801,-63.7295917,False,False,San Carlos,Santa Cruz,"Lun-Vie%09:00%16:00,Sab%09:00%13:00",Aprobado,Agencia Fija,Agencia Fija,"OTORGACIÓN Y PAGO DE CRÉDITOS, APERTURA Y CIERRE DE CUENTAS, RETIROS Y DEPÓSITOS, SERVICIOS DE COBRANZA (ENTEL, NUEVATEL Y OTROS), GIROS NACIONALES Y DEL EXTERIOR Y OTROS SERVICIOS",False
588,407,AGENCIA TIQUIPAYA,(591-4) 4152500,CALLE COCHABAMBA S/N ESQ. AVENIDA REDUCTO,-17.3386222,-66.2212667,False,False,Tiquipaya,Cochabamba,"Lun-Vie%09:00%16:00,Sab%09:00%13:00",Aprobado,Agencia Fija,Agencia Fija,"OTORGACIÓN Y PAGO DE CRÉDITOS, APERTURA Y CIERRE DE CUENTAS, RETIROS Y DEPÓSITOS, SERVICIOS DE COBRANZA (ENTEL, NUEVATEL Y OTROS), GIROS NACIONALES Y DEL EXTERIOR Y OTROS SERVICIOS",False
589,408,AGENCIA SICA SICA,(591-2) 2409040,CALLE LIZARRO S/N DE LA LOCALIDAD DE SICA SICA,-17.3362353977473,-67.7396612856698,False,False,Sica Sica,La Paz,"Lun-Vie%09:00%16:00,Sab%09:00%13:00",Aprobado,Agencia Fija,Agencia Fija,"OTORGACIÓN Y PAGO DE CRÉDITOS, APERTURA Y CIERRE DE CUENTAS, RETIROS Y DEPÓSITOS, SERVICIOS DE COBRANZA (ENTEL, NUEVATEL Y OTROS), GIROS NACIONALES Y DEL EXTERIOR Y OTROS SERVICIOS",False
590,420,AGENCIA CUATRO CAÑADAS,(591-3) 3633000,CARRETERA SANTA CRUZ - TRINIDAD ESQ. CALLE JAIME TERCEROS,-17.2679056,-62.5556806,False,False,Cuatro Cañadas,Santa Cruz,Lun-Vie%09:00%14:00,Aprobado,Agencia Fija,Agencia Fija,"ENTEL, NUEVATEL, TELECEL, IMPUESTOS RUAT VEH. RUAT INM. RUAT, PAT. BTS, DOLEX, CAIXA",False
591,428,CAJA EXTERNA IMCRUZ SCZ,(591-3) 3633000,AVENIDA CRISTOBAL DE MENDOZA Y 2DO ANILLO,-17.7719694,-63.1875833,False,False,Santa Cruz de la Sierra,Santa Cruz,"Lun-Vie%08:30%12:30%14:30%18:30,Sab%09:00%13:00",Aprobado,Oficina Externa,Oficina Externa,"DEPOSITOS Y RETIROS, PAGO DE CREDITOS, SERVICIOS DE COBRANZAS",False
592,429,OFICINA EXTERNA RURAL PUERTO PAILAS,(591-3) 3633000,CARRETERA SANTA CRUZ -TRINIDAD RETEN PUERTO PAILAS,-17.6687306,-62.7899806,False,False,Puerto Pailas,Santa Cruz,Lun-Vie%09:00%14:00,Aprobado,Oficina Externa,Oficina Externa,"ENTEL, NUEVATEL, TELECEL, IMPUESTOS RUAT VEH. RUAT INM. RUAT, PAT. BTS, DOLEX, CAIXA",False
593,436,AGENCIA NUEVA FERIA ,(591-3) 3633000,AVENIDA BRASIL ESQUINA CALLE 1 ZONA PARQUE INDUSTRIAL LIVIANO,-17.7856778,-63.1557222,False,False,Santa Cruz de la Sierra,Santa Cruz,"Lun-Vie%09:00%16:00,Sab%09:00%13:00",Aprobado,Agencia Fija,Agencia Fija,"ENTEL, NUEVATEL, TELECEL, IMPUESTOS RUAT VEH. RUAT INM. RUAT, PAT. BTS, DOLEX, CAIXA",False
594,441,AGENCIA VILLA MONTENEGRO,(591-4) 4152500,CONFITAL Km 23 ½ N° 92  ZONA MONTENEGRO  - SIPE SIPE,-17.4449111,-66.3386889,False,False,Villa Montenegro,Cochabamba,Lun-Vie%09:00%14:00,Aprobado,Oficina Externa,Oficina Externa,"OTORGACIÓN Y PAGO DE CRÉDITOS, APERTURA Y CIERRE DE CUENTAS, RETIROS Y DEPÓSITOS, SERVICIOS DE COBRANZA (ENTEL, NUEVATEL Y OTROS), GIROS NACIONALES Y DEL EXTERIOR Y OTROS SERVICIOS",False
595,443,AGENCIA VILLA BOLIVAR D,(591-2) 2409040,"AV. VISCARRA NRO.106, MERCADO NUEVA ALIANZA",-16.523698536011864,-68.1720918416977,False,False,La Paz,La Paz,"Lun-Vie%09:00%13:00%15:00%18:00,Sab%09:00%13:00",Aprobado,Agencia Fija,Agencia Fija,"OTORGACIÓN Y PAGO DE CRÉDITOS, APERTURA Y CIERRE DE CUENTAS, RETIROS Y DEPÓSITOS, SERVICIOS DE COBRANZA (ENTEL, NUEVATEL Y OTROS), GIROS NACIONALES Y DEL EXTERIOR Y OTROS SERVICIOS",False
596,471,AGENCIA UYUNI,(591-2)26933764  ,AVENIDA POTOSI S/N ENTRE CALLE COLOMBIA Y CALLE SANTA CRUZ,-20.4601056,-66.82155,False,False,Uyuni,Potosí,"Lun-Vie%09:00%16:00,Sab%09:00%13:00",Aprobado,Agencia Fija,Agencia Fija,"""OTORGACIÓN Y PAGO DE CRÉDITOS, APERTURA Y CIERRE DE CUENTAS, RETIROS Y DEPÓSITOS, SERVICIOS DE COBRANZA (ENTEL, NUEVATEL Y OTROS), GIROS NACIONALES Y DEL EXTERIOR Y OTROS SERVICIOS""",False
597,473,OFICINA EXTERNA SAGRADO CORAZÓN,(591-3) 3633000,AVENIDA SANTA CRUZ ESQUINA CALLE BOLIVAR COMUNIDAD SAGRADO CORAZON,-16.8483056,-63.4299389,False,False,Sagrado Corazón,Santa Cruz,"Lun-Vie%09:00%12:00%15:00%18:00,Sab%09:00%13:00",Aprobado,Oficina Externa,Oficina Externa,"ENTEL, NUEVATEL, TELECEL, IMPUESTOS RUAT VEH. RUAT INM. RUAT, PAT. BTS, DOLEX, CAIXA",False
598,474,OFICINA EXTERNA SAN ISIDRO,(591-4) 6642433,"CARRETERA ANTIGUA A SANTA CRUZ S/N, LOCALLIDAD DE SAN ISIDRO",-21.9831556,-63.6639667,False,False,San Isidro,Tarija,Lun-Vie%09:00%14:00,Aprobado,Oficina Externa,Oficina Externa,"ENTEL, NUEVATEL, TELECEL, IMPUESTOS RUAT VEH. RUAT INM. RUAT, PAT. BTS, DOLEX, CAIXA",False
599,476,OFICINA EXTERNA JOROCHITO,(591-3) 3633000,"CARRETERA ANTIGUA COCHABAMBA, UV. 41, MZ. 16, LOTE 7, COMUNIDAD JOROCHITO MUNICIPIO EL TORNO",-18.5057694,-63.4278917,False,False,Jorochito,Santa Cruz,Lun-Vie%09:00%14:00,Aprobado,Oficina Externa,Oficina Externa,"ENTEL, NUEVATEL, TELECEL, IMPUESTOS RUAT VEH. RUAT INM. RUAT, PAT. BTS, DOLEX, CAIXA",False
600,478,AGENCIA VILLA EL CARMEN DE CALUYO,(591-2) 2409040,"URBANIZACIÓN VILLA EL CARMEN DE CALUYO, MANZANO 8, NRO. DE LOTE 3-4, CALLE JOSÉ BALLIVIÁN",-16.7884528,-68.1367611,False,False,Villa el Carmen Caluyo,La Paz,Lun-Vie%09:00%14:00,Aprobado,Oficina Externa,Oficina Externa,"OTORGACIÓN Y PAGO DE CRÉDITOS, APERTURA Y CIERRE DE CUENTAS, RETIROS Y DEPÓSITOS, SERVICIOS DE COBRANZA (ENTEL, NUEVATEL Y OTROS), GIROS NACIONALES Y DEL EXTERIOR Y OTROS SERVICIOS",False
601,489,OFICINA EXTERNA - NIBOL,(591-3) 3633000,AV. CRISTO REDENTOR KM. 10 (OFICINAS DE NIBOL),-17.6845418,-63.1608994,False,False,Santa Cruz de la Sierra,Santa Cruz,"Lun-Vie%08:30%16:30,Sab%08:30%12:30",Aprobado,Oficina Externa,Oficina Externa,"DEPOSITOS Y RETIROS; PAGO DE SERVICIOS, PAGO DE TARJETAS DE CREDITO PAGO DE PRESTAMOS, TRANSFERENCIAS ENTRE PROPIAS Y A TERCEROS",False
602,491,PUNTO PROMOCIONAL IMCRUZ LA PAZ,(591-2) 2409040,AV. 20 DE OCTUBRE ESQ CAMPOS N° 2656,-16.5130056,-68.1237833,False,False,La Paz,La Paz,"Lun-Vie%09:00%17:00,Sab%09:00%12:30",Aprobado,Punto Promocional Fijo,Punto Promocional Fijo,INFORMACION DE PRODUCTOS Y SERVICIOS,False
605,509,AGENCIA 6 DE MARZO,(591-2) 2409040,AV. 6 DE MARZO N° 402 ESQ. C. 4 MANZANA N° 16,-16.5086778,-68.164175,False,False,El Alto,La Paz,"Lun-Vie%09:00%16:00,Sab%09:00%13:00",Aprobado,Agencia Fija,Agencia Fija,"OTORGACIÓN Y PAGO DE CRÉDITOS, APERTURA Y CIERRE DE CUENTAS, RETIROS Y DEPÓSITOS, SERVICIOS DE COBRANZA (ENTEL, NUEVATEL Y OTROS), GIROS NACIONALES Y DEL EXTERIOR Y OTROS SERVICIOS",False
606,528,OFICINA EXTERNA IMCRUZ CBB,(591-4) 4122500,AV. AMERICA N° 336 ENTRE AV. GUALBERTO VILLARROEL Y AV. SANTA CRUZ ,-17.3730722,-66.1584861,False,False,Cochabamba,Cochabamba,"Lun-Vie%08:30%12:30%14:00%18:00,Sab%09:00%13:00",Aprobado,Oficina Externa,Oficina Externa,"DEPÓSITOS Y RETIROS DE CUENTAS, RECIBIR PAGOS DE CRÉDITOS, COMPRA Y VENTA DE MONEDA EXTRANJERA Y PRESTAR SERVICIOS DE COBRANZA A CLIENTES Y USUARIOS POR CUENTA DE INSTITUCIONES PÚBLICAS O EMPRESAS PRIVADAS.",False
607,571,AGENCIA LAS BANDERAS,(591-2) 6228085,AVENIDA LAS BANDERAS ENTRE AVENIDA CIRCUNVALACIÓN Y CALLE CÁRDENAS NRO 2,-19.5701901,-65.7549629,False,False,Potosí,Potosí,Lun-Sab%09:00%16:00,Aprobado,Agencia Fija,Agencia Fija,"OTORGACIÓN Y PAGO DE CRÉDITOS, APERTURA Y CIERRE DE CUENTAS, RETIROS Y DEPÓSITOS, SERVICIOS DE COBRANZA (ENTEL, NUEVATEL Y OTROS), GIROS NACIONALES Y DEL EXTERIOR Y OTROS SERVICIOS",False
608,572,AGENCIA  LAS BRISAS II,(591-3) 3633000,"AV.CRISTO REDENTOR Y CUARTO ANILLO S/N, LAS BRISAS CENTRO COMERCIAL, PISO 1",-17.7495256,-63.175834,False,False,Santa Cruz de la Sierra,Santa Cruz,Lun-Dom%12:00%19:00,Aprobado,Agencia Fija,Agencia Fija,"OTORGACIÓN Y PAGO DE CRÉDITOS, APERTURA Y CIERRE DE CUENTAS, RETIROS Y DEPÓSITOS, SERVICIOS DE COBRANZA (ENTEL, NUEVATEL Y OTROS), GIROS NACIONALES Y DEL EXTERIOR Y OTROS SERVICIOS",False
609,653,AGENCIA SAN VICENTE,(591-2) 6228085,MINA SAN VICENTE EN EL MUNICIPIO DE ATOCHA,-21.2678666,-66.3159375,False,False,Atocha,Potosí,"Lun-Vie%09:00%13:00%15:00%18:00,Sab%09:00%13:00",Aprobado,Agencia Fija,Agencia Fija,"APERTURA Y CIERRE DE CUENTAS, RETIROS Y DEPÓSITOS, SERVICIOS DE COBRANZA (ENTEL, NUEVATEL Y OTROS), GIROS NACIONALES Y DEL EXTERIOR Y OTROS SERVICIOS",False
610,654,NIBOL 2  SC,(591-3) 3633550,"AVENIDA URUGUAY ESQUINA CALLE PEDRO ANTELO S/N, UV. 2, MZ, 5",-17.7754326,-63.1743377,False,False,Santa Cruz de la Sierra,Santa Cruz,"Lun-Vie%08:30%16:30,Sab%09:00%13:00",Aprobado,Oficina Externa,Oficina Externa,"DEPOSITOS Y RETIROS, PAGO DE CREDITOS, SERVICIOS DE COBRANZAS (ENTEL, NUEVATEL Y OTROS)",False
611,655,PUNTO PROMOCIONAL IMCRUZ SCZ,(591-3) 3633000,AVENIDA CRISTOBAL DE MENDOZA Y 2DO ANILLO,-17.7719787,-63.1878044,False,False,Santa Cruz de la Sierra,Santa Cruz,"Lun-Vie%09:00%12:30%15:00%19:00,Sab%09:00%13:00",Aprobado,Punto Promocional Fijo,Punto Promocional Fijo,INFORMACIÓN DE PRODUCTOS Y SERVICIOS,False
613,663,CARMAX SCZ,(591-3) 3633000,SEGUNDO ANILLO DE LA AVENIDA BUSCH # 820,-17.7732302,-63.1927536,False,False,Santa Cruz de la Sierra,Santa Cruz,"Lun-Vie%09:00%12:30%14:30%18:30,Sab%10:00%13:00",Aprobado,Punto Promocional Fijo,Punto Promocional Fijo,INFORMACION DE PRODUCTOS Y SERVICIOS,False
615,667,FINNING EL ALTO,(591-2) 2409040,CARRETERA A ORURO KM. 4 – EL ALTO,-16.5327777,-68.1728092,False,False,El Alto,La Paz,Lun-Vie%08:30%12:30%13:30%17:15,Aprobado,Oficina Externa,Oficina Externa,"DEPÓSITOS Y RETIROS DE CUENTAS, RECIBIR PAGOS DE CRÉDITOS, COMPRA Y VENTA DE MONEDA EXTRANJERA Y PRESTAR SERVICIOS DE COBRANZA A CLIENTES Y USUARIOS POR CUENTA DE INSTITUCIONES PÚBLICAS O EMPRESAS PRIVADAS.",False
616,684,CAJA EXTERNA IMCRUZ CBBA,(591-4) 4152500,AV. GABRIEL R. MORENO ESQ. TADEO HAENKE 00001,-17.3822123,-66.1755565,False,False,Cochabamba,Cochabamba,"Lun-Vie%08:30%12:30%14:00%18:00,Sab%09:00%13:00",Aprobado,Oficina Externa,Oficina Externa,INFORMACION DE PRODUCTOS Y SERVICIOS,False
617,686,CAJA EXTERNA GUABIRA,(591-3) 3633309,GUABIRA MZ 000,-17.3152569,-63.262662,False,False,Santa Cruz de la Sierra,Santa Cruz,"Lun-Vie%08:00%12:00%14:00%17:00,Sab%08:00%12:00",Aprobado,Oficina Externa,Oficina Externa,"DEPOSITOS Y RETIROS, PAGO DE CREDITOS, SERVICIOS DE COBRANZAS (ENTEL, NUEVATEL Y OTROS)",False
619,869,AGENCIA AMÉRICA,(591-4) 4152500,AV. AMÉRICA NRO. E-0348,-17.3729694,-66.1581583,False,False,Cochabamba,Cochabamba,"Lun-Vie%09:00%16:00,Sab%09:00%13:00",Aprobado,Agencia Fija,Agencia Fija,"OTORGACION Y PAGO DE CRÉDITOS, APERTURA Y CIERRE DE CUENTAS, RETIROS Y DEPÓSITOS, SERVICIOS DE COBRANZA, GIROS NACIONALES Y DEL EXTERIOR, PAGO DE IMPUESTOS, COMPRA Y VENTA DE DIVISAS",False
620,873,SUCURSAL COBIJA,(591-8) 8422662,"AV. 9 DE FEBRERO NRO 157, ZONA CENTRO",-11.0194639,-68.7561306,False,True,Cobija,Pando,"Lun-Vie%09:00%16:00,Sab%09:00%13:00",Aprobado,Agencia Fija,Agencia Fija,"OTORGACION Y PAGO DE CRÉDITOS, APERTURA Y CIERRE DE CUENTAS, RETIROS Y DEPÓSITOS, SERVICIOS DE COBRANZA, GIROS NACIONALES Y DEL EXTERIOR, PAGO DE IMPUESTOS, COMPRA Y VENTA DE DIVISAS",False
621,878,AGENCIA LA CEJA,(591-2)2409040,CALLE 2 NRO. 7 VILLA BOLÍVAR A,-16.5059833,-68.163825,False,False,El Alto,La Paz,"Lun-Vie%09:00%13:00%15:00%18:00,Sab%09:00%13:00",Aprobado,Agencia Fija,Agencia Fija,"OTORGACION Y PAGO DE CRÉDITOS, APERTURA Y CIERRE DE CUENTAS, RETIROS Y DEPÓSITOS, SERVICIOS DE COBRANZA, GIROS NACIONALES Y DEL EXTERIOR, PAGO DE IMPUESTOS, COMPRA Y VENTA DE DIVISAS",False
622,880,AGENCIA SENKATA,(591-2)2409040,"CARRETERA A ORURO N°3, MANZANO R, URBANIZACIÓN PANORÁMICA",-16.5796694,-68.1850028,False,False,El Alto,La Paz,"Lun-Vie%09:00%16:00,Sab%09:00%13:00",Aprobado,Agencia Fija,Agencia Fija,"OTORGACION Y PAGO DE CRÉDITOS, APERTURA Y CIERRE DE CUENTAS, RETIROS Y DEPÓSITOS, SERVICIOS DE COBRANZA, GIROS NACIONALES Y DEL EXTERIOR, PAGO DE IMPUESTOS, COMPRA Y VENTA DE DIVISAS",False
623,883,AGENCIA SAN MARTIN,(591-4) 4152500,CALLE MONTES NRO. 385 CASI ESQUINA 25 DE MAYO,-17.4005778,-66.1542833,False,False,Cochabamba,Cochabamba,"Lun-Vie%09:00%16:00,Sab%09:00%13:00",Aprobado,Agencia Fija,Agencia Fija,"OTORGACION Y PAGO DE CRÉDITOS, APERTURA Y CIERRE DE CUENTAS, RETIROS Y DEPÓSITOS, SERVICIOS DE COBRANZA, GIROS NACIONALES Y DEL EXTERIOR, PAGO DE IMPUESTOS, COMPRA Y VENTA DE DIVISAS",False
624,884,AGENCIA PUNATA,(591 4)  457728,CALLE RAFAEL URQUIDI ESQUINA SUCRE S/N,-17.545,-65.8367858,False,False,Punata,Cochabamba,"Lun-Vie%09:00%16:00,Sab%09:00%13:00",Aprobado,Agencia Fija,Agencia Fija,"OTORGACION Y PAGO DE CRÉDITOS, APERTURA Y CIERRE DE CUENTAS, RETIROS Y DEPÓSITOS, SERVICIOS DE COBRANZA, GIROS NACIONALES Y DEL EXTERIOR, PAGO DE IMPUESTOS, COMPRA Y VENTA DE DIVISAS",False
625,885,AGENCIA SACABA,(591-4) 4152500,CALLE CORONEL SÁNCHEZ S/N ENTRE CALLES SUCRE E INGAVI ,-17.4048472,-66.0402083,False,False,Sacaba,Cochabamba,"Lun-Vie%09:00%16:00,Sab%09:00%13:00",Aprobado,Agencia Fija,Agencia Fija,"OTORGACION Y PAGO DE CRÉDITOS, APERTURA Y CIERRE DE CUENTAS, RETIROS Y DEPÓSITOS, SERVICIOS DE COBRANZA, GIROS NACIONALES Y DEL EXTERIOR, PAGO DE IMPUESTOS, COMPRA Y VENTA DE DIVISAS",False
626,886,AGENCIA TARIJA MERCADO CAMPESINO,(591-6)6642433,"AV. PANAMERICANA N°1549, BARRIO LUIS PIZARRO",-21.5226667,-64.7414861,False,False,Tarija,Tarija,"Lun-Vie%09:00%16:00,Sab%09:00%13:00",Aprobado,Agencia Fija,Agencia Fija,"OTORGACION Y PAGO DE CRÉDITOS, APERTURA Y CIERRE DE CUENTAS, RETIROS Y DEPÓSITOS, SERVICIOS DE COBRANZA, GIROS NACIONALES Y DEL EXTERIOR, PAGO DE IMPUESTOS, COMPRA Y VENTA DE DIVISAS",False
627,887,AGENCIA PLAN 3000,(591-3)3412717,AV. PAURITO N° 5510 - ZONA PLAN 3000,-17.8220694,-63.1456667,False,False,Santa Cruz de la Sierra,Santa Cruz,"Lun-Vie%09:00%16:00,Sab%09:00%13:00",Aprobado,Agencia Fija,Agencia Fija,"OTORGACION Y PAGO DE CRÉDITOS, APERTURA Y CIERRE DE CUENTAS, RETIROS Y DEPÓSITOS, SERVICIOS DE COBRANZA, GIROS NACIONALES Y DEL EXTERIOR, PAGO DE IMPUESTOS, COMPRA Y VENTA DE DIVISAS",False
628,888,AGENCIA SANTOS DUMONT,(591-3) 3122570,"AVENIDA SANTOS DUMONT S/N, BARRIO LA MORITA, UV. 48, MANZANO 29, ENTRE TERCER Y CUARTO ANILLO",-17.817727732956364,-63.18333327671141,False,False,Santa Cruz de la Sierra,Santa Cruz,"Lun-Vie%09:00%16:00,Sab%09:00%13:00",Aprobado,Agencia Fija,Agencia Fija,"OTORGACION Y PAGO DE CRÉDITOS, APERTURA Y CIERRE DE CUENTAS, RETIROS Y DEPÓSITOS, SERVICIOS DE COBRANZA, GIROS NACIONALES Y DEL EXTERIOR, PAGO DE IMPUESTOS, COMPRA Y VENTA DE DIVISAS",False
629,889,Agencia Pampa de la Isla,(591-3)3412717,"AV. VIRGEN DE COTOCA PASANDO AV. EL TRILLO, ZONA ESTE PAMPA DE LA ISLA, BARRIO LA PASCANA, EN LA UNIDAD ",-17.7702583,-63.1218583,False,False,Santa Cruz de la Sierra,Santa Cruz,"Lun-Vie%09:00%16:00,Sab%09:00%13:00",Aprobado,Agencia Fija,Agencia Fija,"OTORGACION Y PAGO DE CRÉDITOS, APERTURA Y CIERRE DE CUENTAS, RETIROS Y DEPÓSITOS, SERVICIOS DE COBRANZA, GIROS NACIONALES Y DEL EXTERIOR, PAGO DE IMPUESTOS, COMPRA Y VENTA DE DIVISAS",False
630,895,AGENCIA EL TORNO,(591-3)3412717,"AV. REPUBLICA ESQUINA CALLE 25 DE JULIO, FRENTE A LA PLAZA PRINCIPAL, UV 2 MZ 38 LOTE 11",-17.9922861,-63.3827833,False,False,El Torno,Santa Cruz,"Lun-Vie%09:00%16:00,Sab%09:00%13:00",Aprobado,Agencia Fija,Agencia Fija,"OTORGACION Y PAGO DE CRÉDITOS, APERTURA Y CIERRE DE CUENTAS, RETIROS Y DEPÓSITOS, SERVICIOS DE COBRANZA, GIROS NACIONALES Y DEL EXTERIOR, PAGO DE IMPUESTOS, COMPRA Y VENTA DE DIVISAS",False
631,904,AGENCIA SUCRE MERCADO CAMPESINO,(591-6)6443951,AVENIDA JAIME MENDOZA NO. 1674 ESQUINA RICARDO ANDRADE,-19.0382061,-65.254896,False,False,Sucre,Chuquisaca,"Lun-Vie%09:00%16:00,Sab%09:00%13:00",Aprobado,Agencia Fija,Agencia Fija,"OTORGACION Y PAGO DE CRÉDITOS, APERTURA Y CIERRE DE CUENTAS, RETIROS Y DEPÓSITOS, SERVICIOS DE COBRANZA, GIROS NACIONALES Y DEL EXTERIOR, PAGO DE IMPUESTOS, COMPRA Y VENTA DE DIVISAS",False
632,905,AGENCIA QUILLACOLLO,(591-4) 4152500,"CALLE GENERAL PANDO NO 138, ENTRE JOSÉ BALLIVIAN Y PACHECO S/N",-17.3950639,-66.279725,False,False,Quillacollo,Cochabamba,"Lun-Vie%09:00%16:00,Sab%09:00%13:00",Aprobado,Agencia Fija,Agencia Fija,"OTORGACION Y PAGO DE CRÉDITOS, APERTURA Y CIERRE DE CUENTAS, RETIROS Y DEPÓSITOS, SERVICIOS DE COBRANZA, GIROS NACIONALES Y DEL EXTERIOR, PAGO DE IMPUESTOS, COMPRA Y VENTA DE DIVISAS",False
633,910,AGENCIA TACACHIRA,(591-2)2409040,"CARRETERA LA PAZ - DESAGUADERO KM 7, SURTIDOR INTER OCEANICO",-16.5126361,-68.2760861,False,False,El Alto,La Paz,Lun-Vie%09:00%14:00,Aprobado,Agencia Fija,Agencia Fija,"OTORGACION Y PAGO DE CRÉDITOS, APERTURA Y CIERRE DE CUENTAS, RETIROS Y DEPÓSITOS, SERVICIOS DE COBRANZA, GIROS NACIONALES Y DEL EXTERIOR, PAGO DE IMPUESTOS, COMPRA Y VENTA DE DIVISAS",False
634,912,AGENCIA HUAJCHILLA,(591-2)2409040,"CARRETERA PRINCIPAL, URBANIZACIÓN SAN JUAN, MZO. H, NRO 20",-16.63235,-68.0489528,False,False,Huajchilla,La Paz,"Lun-Vie%09:00%16:00,Sab%09:00%13:00",Aprobado,Agencia Fija,Agencia Fija,"OTORGACION Y PAGO DE CRÉDITOS, APERTURA Y CIERRE DE CUENTAS, RETIROS Y DEPÓSITOS, SERVICIOS DE COBRANZA, GIROS NACIONALES Y DEL EXTERIOR, PAGO DE IMPUESTOS, COMPRA Y VENTA DE DIVISAS",False
635,913,AGENCIA SANTA FE DE YAPACANI,(591-3) 3153146,"ZONA SUR ESTE, MANZANA 34, BARRIO BOLÍVAR S/N",-17.4003056,-63.8261639,False,False,Santa Fe de Yapacaní,Santa Cruz,Lun-Vie%09:00%14:00,Aprobado,Agencia Fija,Agencia Fija,"OTORGACION Y PAGO DE CRÉDITOS, APERTURA Y CIERRE DE CUENTAS, RETIROS Y DEPÓSITOS, SERVICIOS DE COBRANZA, GIROS NACIONALES Y DEL EXTERIOR, PAGO DE IMPUESTOS, COMPRA Y VENTA DE DIVISAS",False
636,915,AGENCIA LA GUARDIA KM12,(591-3) 3153147,LOCALIDAD LA GUARDIA KM - 12,-17.891520379292125,-63.32132220449921,False,False,La Guardia,Santa Cruz,"Lun-Vie%09:00%16:00,Sab%09:00%13:00",Aprobado,Agencia Fija,Agencia Fija,"OTORGACION Y PAGO DE CRÉDITOS, APERTURA Y CIERRE DE CUENTAS, RETIROS Y DEPÓSITOS, SERVICIOS DE COBRANZA, GIROS NACIONALES Y DEL EXTERIOR, PAGO DE IMPUESTOS, COMPRA Y VENTA DE DIVISAS",False
637,940,OFICINA EXTERNA OVEJUYO,2654101,AV. 14 DE SEPTIEMBRE Nro 209,-16.5387739,-68.0344442,False,False,Palca,La Paz,Lun-Vie%09:00%14:00,Aprobado,Oficina Externa,Oficina Externa,"OTORGACIÓN Y PAGO DE CRÉDITOS, APERTURA Y CIERRE DE CUENTAS, RETIROS Y DEPÓSITOS, SERVICIOS DE COBRANZA (ENTEL, NUEVATEL Y OTROS), GIROS NACIONALES Y DEL EXTERIOR Y OTROS SERVICIOS",False
638,942,PUNTO PROMOCIONAL IMCRUZ 2 SCZ,(591-3) 3633000,"AVENIDA CRISTO REDENTOR ESQ. CALLE ADRIANA COIMBRA, ENTRE 3ER Y 4TO ANILLO",-17.7563404,-63.1779725,False,False,Santa Cruz de la Sierra,Santa Cruz,"Lun-Vie%09:00%12:00%15:00%19:30,Sab%09:00%12:30",Aprobado,Punto Promocional Fijo,Punto Promocional Fijo,INFORMACION DE PRODUCTOS Y SERVICIOS,False
639,946,OFICINA EXTERNA ARBIETO,(591-4) 4114010,ESTEBAN ARCE ESQUINA NICASIO AMURRIO S/N,-17.5837869,-66.0148717,False,False,Arbieto,Cochabamba,Lun-Vie%09:00%14:00,Aprobado,Oficina Externa,Oficina Externa,"OTORGACIÓN Y PAGO DE CRÉDITOS, APERTURA Y CIERRE DE CUENTAS, RETIROS Y DEPÓSITOS, SERVICIOS DE COBRANZA (ENTEL, NUEVATEL Y OTROS), GIROS NACIONALES Y DEL EXTERIOR Y OTROS SERVICIOS",False
640,955,OFICINA EXTERNA YAMPARAEZ,(591-4) 6443951,"CALLE BOLIVAR ZONA 01/01, BARRIO EJE CENTRAL",-19.1896654,-65.1216446,False,False,Yamparáez,Chuquisaca,Lun-Vie%09:00%14:00,Aprobado,Oficina Externa,Oficina Externa,"OTORGACIÓN Y PAGO DE CRÉDITOS, APERTURA Y CIERRE DE CUENTAS, RETIROS Y DEPÓSITOS, SERVICIOS DE COBRANZA (ENTEL, NUEVATEL Y OTROS), GIROS NACIONALES Y DEL EXTERIOR Y OTROS SERVICIOS",False
641,980,OFICINA EXTERNA COROCORO,2654066,CALLE MURILLO N° 125 FRENTE PLAZA 15 DE AGOSTO,-17.1768141,-68.4537108,False,False,Coro Coro,La Paz,Lun-Vie%09:00%14:00,Aprobado,Oficina Externa,Oficina Externa,"DEPÓSITOS, RETIROS, APERTURAS DE CUENTA, PAGO DE SERVICIOS BÁSICOS, IMPUESTOS, EMISIÓN DE GIROS",False
642,981,Oficina Externa Totora,(591-4) 4152500,CALLE TENIENTE CAERO N° S/N ZONA CENTRAL,-17.7357984,-65.1900824,False,False,Totora,Cochabamba,Lun-Vie%09:00%14:00,Aprobado,Oficina Externa,Oficina Externa,"DEPÓSITOS, RETIROS, APERTURAS DE CUENTA, PAGO DE SERVICIOS BÁSICOS, IMPUESTOS Y EMISIÓN DE GIROS",False
643,982,AGENCIA MACHACAMARCA,(591-2) 5252132,CALLE PANAMERICANA ENTRE AV. ORURO Y CALLE SAN JOSÉ S/N,-18.172505237514585,-67.02122570478654,False,False,Machacamarca,Oruro,Lun-Vie%09:00%14:00,Aprobado,Agencia Fija,Agencia Fija,"DEPÓSITOS, RETIROS, APERTURAS DE CUENTA, PAGO DE SERVICIOS BÁSICOS, IMPUESTOS Y EMISIÓN DE GIROS",False
644,997,CAJA EXTERNA FIDALGA TROMPILLO,59133633000,BARRIO BRANIFF AV. RÍO GRANDE ESQ. YACUIBA UV. 27 MZA. P-4,-17.8005059,-63.1832185,False,False,Santa Cruz de la Sierra,Santa Cruz,"Lun-Vie%09:00%12:30%13:30%16:00,Sab%09:00%13:00",Aprobado,Oficina Externa,Oficina Externa,"DEPÓSITOS Y RETIROS DE CUENTAS, RECIBIR PAGOS DE CRÉDITOS, COMPRA Y VENTA DE MONEDA EXTRANJERA Y PRESTAR SERVICIOS DE COBRANZA A CLIENTES Y USUARIOS POR CUENTA DE INSTITUCIONES PÚBLICAS O EMPRESAS PRIVADAS.",False
645,1015,OFICINA EXTERNA RIBEPAR ,(591-3) 3633724,BARRIO KM 11 CARRETERA A WARNES UV:00,-17.6766445,-63.159481,False,False,Santa Cruz de la Sierra,Santa Cruz,"Lun-Vie%08:00%16:00,Sab%08:30%12:30",Aprobado,Oficina Externa,Oficina Externa,"DEPÓSITOS Y RETIROS DE CUENTAS, RECIBIR PAGOS DE CRÉDITOS, COMPRA Y VENTA DE MONEDA EXTRANJERA Y PRESTAR SERVICIOS DE COBRANZA A CLIENTES Y USUARIOS POR CUENTA DE INSTITUCIONES PÚBLICAS O EMPRESAS PRIVADAS.",False
646,1019,AGENCIA JUAN DE LA ROSA,4114010,AV. JUAN DE LA ROSA N° 01110 ESQUINA AV. GABRIEL RENE MORENO ,-17.3764055,-66.1731832,False,False,Cochabamba,Cochabamba,"Lun-Vie%09:00%13:00%15:00%18:00,Sab%09:00%13:00",Aprobado,Agencia Fija,Agencia Fija,"OTORGACIÓN Y PAGO DE CRÉDITOS, APERTURA Y CIERRE DE CUENTAS, RETIROS Y DEPÓSITOS, SERVICIOS DE COBRANZA (ENTEL, NUEVATEL Y OTROS), GIROS NACIONALES Y DEL EXTERIOR Y OTROS SERVICIOS",False
647,1021,AGENCIA PARIA,(591-2) 5114010,"CARRETERA NACIONAL 12, LOCALIDAD DE PARIA, FRENTE PLAZA PRINCIPAL, LADO DE LA IGLESIA S/N",-17.821905306482865,-67.02068388049179,False,False,Paria,Oruro,Lun-Vie%09:00%14:00,Aprobado,Agencia Fija,Agencia Fija,"DEPÓSITOS, RETIROS, APERTURAS DE CUENTA, PAGO DE SERVICIOS BÁSICOS, IMPUESTOS Y EMISIÓN DE GIROS",False
648,1026,IMCRUZ COMERCIAL SA,59133633000,"BARRIO LAS PALMAS CALLE LOS TRONCOS ESQ AV GRIGOTA, UV: 0052- MZ: 062-",-17.8104042,-63.2071103,False,False,Santa Cruz de la Sierra,Santa Cruz,"Lun-Vie%08:30%12:30%14:30%18:30,Sab%09:00%13:00",Aprobado,Oficina Externa,Oficina Externa,"DEPÓSITOS Y RETIROS DE CUENTAS, RECIBIR PAGOS DE CRÉDITOS, COMPRA Y VENTA DE MONEDA EXTRANJERA Y PRESTAR SERVICIOS DE COBRANZA A CLIENTES Y USUARIOS POR CUENTA DE INSTITUCIONES PÚBLICAS O EMPRESAS PRIVADAS.",False
649,1032,SUCURSAL SANTA CRUZ,(591-3) 3412717,AVENIDA CRISTO REDENTOR Y CUARTO ANILLO,-17.7486357,-63.175365,False,True,Santa Cruz de la Sierra,Santa Cruz,Lun-Sab%09:00%20:00,Aprobado,Sucursal,Sucursal,"OTORGACIÓN Y PAGO DE CRÉDITOS, APERTURA Y CIERRE DE CUENTAS, RETIROS Y DEPÓSITOS, SERVICIOS DE COBRANZA (ENTEL, NUEVATEL Y OTROS), GIROS NACIONALES Y DEL EXTERIOR Y OTROS SERVICIOS",False
650,1038,AGENCIA PRESTO,(591-4) 6443951,"PLAZA AZURDUY DE PADILLA S/N, ENTRE CALLES SUCRE Y CRÍSPULO SANZ",-18.930583862449293,-64.93784665887091,False,False,Presto,Chuquisaca,Lun-Vie%09:00%14:00,Aprobado,Agencia Fija,Agencia Fija,"DEPÓSITOS, RETIROS, APERTURAS DE CUENTA, PAGO DE SERVICIOS BÁSICOS, IMPUESTOS Y EMISIÓN DE GIROS",False
651,1039,AGENCIA PAZÑA,(591-2) 5252132,"CALLES AMÉRICA Y BALLIVIÁN SIGNADO CON EL LOTE N° 4, MZO. 09",-18.5970042,-66.9198483,False,False,Pazña,Oruro,Lun-Vie%09:00%14:00,Aprobado,Agencia Fija,Agencia Fija,"DEPÓSITOS, RETIROS, APERTURAS DE CUENTA, PAGO DE SERVICIOS BÁSICOS, IMPUESTOS Y EMISIÓN DE GIROS",False
652,1060,CAJERO CONVENIO ALIANZA,(591-3) 3633807,AV. ROCA Y CORONADO Nº 1380 ESQ. AV. MARIO GUTIERREZ (3ER ANILLO EXTERNO),-17.7859754,-63.2067938,False,False,Santa Cruz de la Sierra,Santa Cruz,Lun-Vie%08:30%12:30%13:30%17:30,Aprobado,Oficina Externa,Oficina Externa,"DEPOSITOS Y RETIROS, PAGO DE SERVICIOS, PAGO DE TARJETAS DE CREDITO, PAGO DE PRESTAMOS, TRANSFERENCIAS ENTRE CUENTAS PROPIAS Y A TERCEROS",False
653,1069,PUNTO PROMOCIONAL IMCRUZ CBBA,4152500,AV. TADEO HAENKE ESQ. GABRIEL RENE MORENO,-17.382222933959813,-66.17544472624286,False,False,Cochabamba,Cochabamba,"Lun-Vie%08:30%15:00,Sab%09:00%13:00",Aprobado,Punto Promocional Fijo,Punto Promocional Fijo,INFORMACIÓN DE PRODUCTOS Y SERVICIOS,False
654,1070,CAJERO CONVENIO CLÍNICA ANGEL FOIANINI,(591-3) 3633349,CALLE CHUQUISACA ESQUINA AVENIDA IRALA N° 468,-17.7919121,-63.179674,False,False,Santa Cruz de la Sierra,Santa Cruz,"Lun-Vie%09:00%16:00,Sab%09:00%13:00",Aprobado,Oficina Externa,Oficina Externa,"DEPÓSITOS Y RETIROS DE CUENTAS, RECIBIR PAGOS DE CRÉDITOS, COMPRA Y VENTA DE MONEDA EXTRANJERA Y PRESTAR SERVICIOS DE COBRANZA A CLIENTES Y USUARIOS POR CUENTA DE INSTITUCIONES PÚBLICAS O EMPRESAS PRIVADAS.",False
655,1073,AGENCIA OCURÍ,(591-2)6228085,CALLE JUNIN ESQUINA CALLE ESTUDIANTES S/N (A UNA CUADRA DE LA PLAZA PRINCIPAL),-18.841410183348852,-65.79538107182584,False,False,Ocurí,Potosí,Lun-Vie%09:00%14:00,Aprobado,Agencia Fija,Agencia Fija,"DEPÓSITOS, RETIROS, APERTURAS DE CUENTA, PAGO DE SERVICIOS BÁSICOS, IMPUESTOS Y EMISIÓN DE GIROS",False
656,1074,Agencia Tinguipaya,(591-2)6228085,CALLE BOLIVAR S/N (A MEDIA CUADRA DE LA PLAZA PRINCIPAL),-19.2198548,-65.8225176,False,False,Tinguipaya,Potosí,Lun-Vie%09:00%14:00,Aprobado,Agencia Fija,Agencia Fija,"DEPÓSITOS, RETIROS, APERTURAS DE CUENTA, PAGO DE SERVICIOS BÁSICOS, IMPUESTOS Y EMISIÓN DE GIROS",False
657,1075,AGENCIA MOROCHATA,(591-4) 4152500,"LOCALIDAD DE MOROCHATA, A DOS CUADRAS DE LA PLAZA PRINCIPAL S/N",-17.2351514,-66.5316098,False,False,Morochata,Cochabamba,Lun-Vie%09:00%14:00,Aprobado,Agencia Fija,Agencia Fija,"DEPÓSITOS, RETIROS, APERTURAS DE CUENTA, PAGO DE SERVICIOS BÁSICOS, IMPUESTOS Y EMISIÓN DE GIROS",False
660,19,AGENCIA COSTANERA TORRE 501,2654791,"CALLE 10 HERMANOS ORTIZ ARIÑEZ NRO 501, AVENIDA COSTANERA, ZONA CALACOTO",-16.545114,-68.0862255,False,False,La Paz,La Paz,"Lun-Vie%09:00%13:00%15:00%18:00,Sab%09:00%13:00",Aprobado,Agencia Fija,Agencia Fija,"OTORGACIÓN Y PAGO DE CRÉDITOS, APERTURA Y CIERRE DE CUENTAS, RETIROS Y DEPÓSITOS, SERVICIOS DE COBRANZA (ENTEL, NUEVATEL Y OTROS), GIROS NACIONALES Y DEL EXTERIOR Y OTROS SERVICIOS",False
661,1082,AGENCIA COMANCHE,2654403,"MANZANO N° 60 - A, LOTE N° 02 DE LA URBANIZACION DEL PUEBLO DE COMANCHE",-16.9572254,-68.4222245,False,False,Comanche,La Paz,Lun-Vie%09:00%14:00,Aprobado,Agencia Fija,Agencia Fija,"DEPÓSITOS, RETIROS, APERTURAS DE CUENTA, PAGO DE SERVICIOS BÁSICOS, IMPUESTOS Y EMISIÓN DE GIROS",False
662,1102,PUNTO PROMOCIONAL GO AUTOS – BOLIVIA,N/A,AV. BANZER ENTRE 2DO Y 3ER ANILLO,-17.7631468,-63.1806018,False,False,Santa Cruz de la Sierra,Santa Cruz,Lun-Vie%09:00%14:00,Aprobado,Punto Promocional Fijo,Punto Promocional Fijo,INFORMACION DE PRODUCTOS Y SERVICIOS,False
663,1100,AGENCIA YUNCHARÁ,4-6642433,"CARRETERA ENTRE TARIJA Y VILLAZÓN, EN LA ''RESIDENCIA YUNCHARÁ'' DEL MUNICIPIO DE YUNCHARÁ, EN LA PROVINCIA AVILÉS",-21.8244914,-65.2280226,False,False,Yunchará,Tarija,Lun-Vie%09:00%14:00,Aprobado,Agencia Fija,Agencia Fija,"DEPÓSITOS, RETIROS, APERTURAS DE CUENTA, PAGO DE SERVICIOS BÁSICOS, IMPUESTOS Y EMISIÓN DE GIROS",False
664,1105,AGENCIA LAS AMERICAS,5916443951,"ZONA GARCILAZO, AVENIDA LAS AMÉRICAS N° 462",-19.0433617,-65.2454198,False,False,Sucre,Chuquisaca,"Lun-Vie%09:00%16:00,Sab%09:00%13:00",Aprobado,Agencia Fija,Agencia Fija,"DEPÓSITOS, RETIROS, APERTURAS DE CUENTA, PAGO DE SERVICIOS BÁSICOS, IMPUESTOS, SEGUROS, GIROS Y OTROS",False
665,BME1111,AGENCIA SOPOCACHI,+591 2 114010,"PLAZA ESPAÑA, CALLE GREGORIO REYNOLDS ESQUINA VICTOR SANJINÉS  N°2681, ZONA SOPOCACHI",-16.5138888888889,-68.1286111111111,False,False,La Paz,La Paz,"Lun-Vie%09:00%16:00,Sab%09:00%13:00",Aprobado,,,"OTORGACIÓN Y PAGO DE CRÉDITOS, APERTURA Y CIERRE DE CUENTAS, RETIROS Y DEPÓSITOS, SERVICIOS DE COBRANZA (ENTEL, NUEVATEL Y OTROS), GIROS NACIONALES Y DEL EXTERIOR Y OTROS SERVICIOS",True
667,BME1121,AGENCIA BUENA VISTA,(+ 591) 3-36330,"CALLE 6 DE AGOSTO, S/N, BARRIO CASCO VIEJO, ESQUINA RENE BARRIENTOS.",-17.460922235886922,-63.66046607494355,False,False,Buena Vista,Santa Cruz,"Lun-Vie%09:00%16:00,Sab%09:00%13:00",Aprobado,,,"Apertura y Cierre de Cuentas;Servicios de cobranza (Entel, Nuevatel,Telecel,Cotel,Coteor,Cotas, Boliviatel);Giros Nacionales y del Exterior;Pago de Créditos;Pago de Impuestos;Otros(Caj Seguridad, BTS, AMEX)-APERTURA Y CIERRE DE CUENTAS DE AHORRO, CUENTAS CORRIENTES Y DPFS, RETIROS Y DEPÓSITOS, SERVICIOS DE COBRANZA (ENTEL, TIGO Y OTROS), PAGO DE IMPUESTOS, GIROS NACIONALES Y DEL EXTERIOR, REMESAS Y OTROS SERVICIOS.",True
668,BME1133,AGENCIA MALLA,2-265-4849,"PLAZA 14 DE SEPTIEMBRE ESQUINA AVENIDA DE LOS ESTUDIANTES, MANZANO N° 9, LOTE N° 15",-17.039393164740467,-67.45089411322647,False,False,Malla,La Paz,Lun-Vie%09:00%14:00,Aprobado,,,"DEPÓSITOS, RETIROS, APERTURAS DE CUENTA, PAGO DE SERVICIOS BÁSICOS, IMPUESTOS Y EMISIÓN DE GIROS",True
669,BME1135,AGENCIA CIRCUNVALACION,(591-4) 6642433,"AVENIDA CIRCUNVALACIÓN MONTONEROS DE MENDEZ, ZONA VILLA ABAROA",-21.52381881115174,-64.72505629062654,False,False,Tarija,Tarija,"Lun-Vie%09:00%13:00%15:00%18:00,Sab%09:00%13:00",Aprobado,,,"OTORGACIÓN Y PAGO DE CRÉDITOS, APERTURA Y CIERRE DE CUENTAS, RETIROS Y DEPÓSITOS, SERVICIOS DE COBRANZA (ENTEL, NUEVATEL Y OTROS), GIROS NACIONALES Y DEL EXTERIOR Y OTROS SERVICIOS.",True
670,BME1132,AGENCIA SAN PEDRO DE TOTORA,(591-2) 5252132,CALLE DE ENTRADA A SAN PEDRO DE TOTORA ENTRE CALLE SAN PABLO Y ANTOFAGASTA A MEDIA CUADRA DE LA PLAZA PRINCIPAL 10 DE NOVIEMBRE,-17.79291075405825,-68.14475479516406,False,False,SAN PEDRO DE TOTORA,Oruro,Lun-Vie%09:00%14:00,Aprobado,,,"DEPÓSITOS, RETIROS, APERTURAS DE CUENTA, PAGO DE SERVICIOS BÁSICOS, IMPUESTOS Y EMISIÓN DE GIROS",True
671,BME1131,OFICINA EXTERNA AGRIPAC,59133633000,CALLE LIBERTAD N° 686,-17.777034714196585,-63.18307578646269,False,False,Santa Cruz de la Sierra,Santa Cruz,"Lun-Vie%08:30%12:15%14:30%18:15,Sab%08:30%12:00",Aprobado,,,"Depósitos y retiros; pago de servicios básicos, colegio e impuestos, pago y cobro de cheques del mismo Banco, compraventa de moneda extranjera.",True
672,BME1158,PUNTO PROMOCIONAL RAFCAR MOTORS SCZ,0,"2DO ANILLO, AV. SANTA CRUZ No. 1230, ENTRE AV. SAN AURELIO Y AV. TRES PASOS AL FRENTE",-17.798304254610894,-63.16747605916238,False,False,Santa Cruz de la Sierra,Santa Cruz,"Lun-Vie%08:30%12:00%14:30%19:00,Sab%09:00%13:00",Aprobado,,,INFORMACIÓN DE PRODUCTOS Y SERVICIOS,True
673,BME1150,AGENCIA AV. BENI,+591 3 633000,"ZONA NORTE, AVENIDA CARDENAL CUSHING Y TERCER ANILLO INTERNO. S/N, LOTE NRO. S/N",-17.759016926863676,-63.17491650680454,True,False,Santa Cruz de la Sierra,Santa Cruz,"Lun-Vie%09:00%16:00,Sab%09:00%13:00",Aprobado,,,"OTORGACIÓN Y PAGO DE CRÉDITOS, APERTURA Y CIERRE DE CUENTAS, RETIROS Y DEPÓSITOS, SERVICIOS DE COBRANZA (ENTEL, NUEVATEL Y OTROS), GIROS NACIONALES Y DEL EXTERIOR Y OTROS SERVICIOS",True
674,BME1165,AGENCIA MONSEÑOR RIVERO,59133633000,AVENIDA CAÑOTO ESQUINA MONSEÑOR RIVERO,-17.775277467281423,-63.182458878224125,True,False,Santa Cruz de la Sierra,Santa Cruz,"Lun-Vie%09:00%16:00,Sab%09:00%13:00",Aprobado,,,"OTORGACIÓN Y PAGO DE CRÉDITOS, APERTURA Y CIERRE DE CUENTAS, RETIROS Y DEPÓSITOS, SERVICIOS DE COBRANZA (ENTEL, NUEVATEL Y OTROS), GIROS NACIONALES Y DEL EXTERIOR Y OTROS SERVICIOS",True
675,BME1145,OFICINA EXTERNA ALIANZA LP,0,"Av. Ballivián Nro. 1212, esquina Calle 18",-16.539003079169404,-68.08084309431418,False,False,La Paz,La Paz,Lun-Vie%08:30%12:30%13:30%17:30,Aprobado,,,"DEPOSITOS Y RETIROS, PAGO DE SERVICIOS, PAGO DE TARJETAS DE CREDITO, PAGO DE PRESTAMOS, TRANSFERENCIAS ENTRE CUENTAS PROPIAS Y A TERCEROS",True
676,BME1159,AGENCIA SAN ANTONIO DE ESMORUCO,(591-2)6228085,"Calle Avaroa, entre calle Moruco s/n, comunidad San Antonio de Esmoruco.",-21.949265139168634,-66.51761949177957,False,False,Potosí,Potosí,Lun-Vie%09:00%14:00,Aprobado,,,"DEPÓSITOS, RETIROS, APERTURAS DE CUENTA, PAGO DE SERVICIOS BÁSICOS, IMPUESTOS Y EMISIÓN DE GIROS",True
677,BME1164,OFICINA EXTERNA GOAUTOS,0,Av. Banzer entre 2do y 3er anillo,-17.763098791406367,-63.18079590830457,False,False,Santa Cruz de la Sierra,Santa Cruz,"Lun-Vie%08:30%12:30%14:30%18:30,Sab%09:00%13:00",Aprobado,,,"DEPOSITOS Y RETIROS, PAGO DE CREDITOS, SERVICIOS DE COBRANZAS",True
