[
    {
        "ciudad": "Cochabamba",
        "oficina": "Sucursal Cochabamba",
        "direccion": "Calle Nataniel Aguirre esquina Calama S-0498",
        "horarioLun.-Vie.": "09:00 a 16:00",
        "horarioSabado": "09:00 a 13:00"
    },
    {
        "ciudad": "Cochabamba",
        "oficina": "Agencia América",
        "direccion": "Avenida America N° 408",
        "horarioLun.-Vie.": "09:00 a 16:00",
        "horarioSabado": "09:00 a 13:00"
    },
    {
        "ciudad": "Cochabamba",
        "oficina": "Agencia Quillacollo",
        "direccion": "Av.Héroes del Chaco No 56",
        "horarioLun.-Vie.": "09:00 a 16:00",
        "horarioSabado": "09:00 a 13:00"
    },
    {
        "ciudad": "Cochabamba",
        "oficina": "Agencia El Prado",
        "direccion": "Avenida Ballivián esquina España N 683",
        "horarioLun.-Vie.": "09:00 a 16:00",
        "horarioSabado": "09:00 a 13:00"
    },
    {
        "ciudad": "Cochabamba",
        "oficina": "Agencia Blanco Galindo",
        "direccion": "Av. Carlos Blanco Galindo casi esq. Av. Perú acera norte N° 1214",
        "horarioLun.-Vie.": "09:00 a 16:00",
        "horarioSabado": "09:00 a 13:00"
    },
    {
        "ciudad": "Cochabamba",
        "oficina": "Agencia Esteban Arce",
        "direccion": "Calle Totora Entre Esteban Arce Y Agustin Lopez",
        "horarioLun.-Vie.": "09:00 a 16:00",
        "horarioSabado": "09:00 a 13:00"
    },
    {
        "ciudad": "Cochabamba",
        "oficina": "Agencia La Cancha",
        "direccion": "Calle Ismael Montes esquina 25 de Mayo N E-0392",
        "horarioLun.-Vie.": "09:00 a 16:00",
        "horarioSabado": "09:00 a 13:00"
    },
    {
        "ciudad": "(**) No cuenta con ventanillas para atención al público."
    }
]